"Word","Shoresh","Binyan","Book","Chapter ","Verse","Parasha",
"אֲבִיאֶנּוּ ","ב-ו-א","Hifil","Gen.",42,37,"Mikketz",
"אֲבָרֶכְךָ ","ב-ר-ך","Piel","Gen.",22,17,"Vayera",
"אֲחַטֶּנָּה ","ח-ט-א","Piel","Gen.",31,39,"Vayetze",
"אֲכַלֶּה ","כ-ל-ה","Piel","Gen.",24,45,"Chayei Sarah",
"אֲכַפְּרָה ","כ-פ-ר","Piel","Gen.",32,21,"Vayishlach",
"אֲכָלַנִי ","א-כ-ל","Paal","Gen.",31,40,"Vayetze",
"אֲכָלָתְהוּ ","א-כ-ל","Paal","Gen.",37,20,"Vayeshev",
"אֲמַרְתֶּם ","א-מ-ר","Paal","Gen.",43,27,"Mikketz",
"אֲעַשְּׂרֶנוּ ","ע-שׂ-ר","Piel","Gen.",28,22,"Vayetze",
"אֲשִׁיבֶנּוּ ","שׁ-ו-ב","Hifil","Gen.",42,37,"Mikketz",
"אֲשַׁלֵּחֲךָ ","שׁ-ל-ח","Piel","Gen.",32,27,"Vayishlach",
"אֲשַׁלַּח ","שׁ-ל-ח","Piel","Gen.",38,17,"Vayeshev",
"אֲשִׂימֶנוּ ","שׂ-י-ם","Paal","Gen.",21,13,"Vayera",
"אִבָּנֶה ","ב-נ-ה","Nifal","Gen.",16,2,"Lech Lecha",
"אִירָשֶׁנָּה ","י-ר-שׁ","Paal","Gen.",15,8,"Lech Lecha",
"אִמְרִי ","א-מ-ר","Paal","Gen.",12,13,"Lech Lecha",
"אִמָּלְטָה ","מ-ל-ט","Nifal","Gen.",19,20,"Vayera",
"אִשְּׁרוּנִי ","א-שׁ-ר","Piel","Gen.",30,13,"Vayetze",
"אִשָּׁבֵעַ ","שׁ-ב-ע","Nifal","Gen.",21,24,"Vayera",
"אֵדַע ","י-ד-ע","Paal","Gen.",15,8,"Lech Lecha",
"אֵדָעָה ","י-ד-ע","Paal","Gen.",18,21,"Vayera",
"אֵחַר ","א-ח-ר","Piel","Gen.",34,19,"Vayishlach",
"אֵיטִיב ","י-ט-ב","Hifil","Gen.",32,13,"Vayishlach",
"אֵימִנָה ","י-מ-ן","Hifil","Gen.",13,9,"Lech Lecha",
"אֵלֵד ","י-ל-ד","Paal","Gen.",18,14,"Vayera",
"אֵלֵךְ ","ה-ל-ך/י-ל-ך","Paal","Gen.",24,58,"Chayei Sarah",
"אֵרְדָה ","י-ר-ד","Paal","Gen.",18,21,"Vayera",
"אֵרֵד ","י-ר-ד","Paal","Gen.",37,35,"Vayeshev",
"אֶגְדַּל ","ג-ד-ל","Paal","Gen.",41,40,"Mikketz",
"אֶדְרְשֶׁנּוּ ","ד-ר-שׁ","Paal","Gen.",9,5,"Noach",
"אֶדְרֹשׁ ","ד-ר-שׁ","Paal","Gen.",9,5,"Noach",
"אֶמְצָא ","מ-צ-א","Paal","Gen.",18,26,"Vayera",
"אֶעֱבָדְךָ ","ע-ב-ד","Paal","Gen.",29,18,"Vayetze",
"אֶעֱבֹר ","ע-ב-ר","Paal","Gen.",30,32,"Vayetze",
"אֶעֱזָבְךָ ","ע-ז-ב","Paal","Gen.",28,15,"Vayetze",
"אֶעֶרְבֶנוּ ","ע-ר-ב","Paal","Gen.",43,9,"Mikketz",
"אֶקַּח ","ל-ק-ח/י-ק-ח","Paal","Gen.",14,23,"Lech Lecha",
"אֶרְאֶה ","ר-א-ה","Paal","Gen.",21,16,"Vayera",
"אֶרְעֶה ","ר-ע-ה","Paal","Gen.",30,31,"Vayetze",
"אֶשְׁאָב ","שׁ-א-ל","Paal","Gen.",24,19,"Chayei Sarah",
"אֶשְׁכַּל ","שׁ-כ-ל","Paal","Gen.",27,45,"Toledot",
"אֶשְׁמֹר ","שׁ-מ-ר","Paal","Gen.",30,31,"Vayetze",
"אֶתְנַהֲלָה ","נ-ה-ל","Hitpael","Gen.",33,14,"Vayishlach",
"אֶתְּנֶנָּה ","נ-ת-ן","Paal","Gen.",13,15,"Lech Lecha",
"אֶתֵּן ","נ-ת-ן","Paal","Gen.",12,7,"Lech Lecha",
"אֶתֶּן ","נ-ת-ן","Paal","Gen.",30,31,"Vayetze",
"אַצִּיגָה","י-צ-ג","Hifil","Gen.",33,15,"Vayishlach",
"אַרְאֶךָּ ","ר-א-ה","Hifil","Gen.",12,1,"Lech Lecha",
"אַרְבֶּה ","ר-ב-ה","Hifil","Gen.",22,17,"Vayera",
"אַשְׁחִית ","שׁ-ח-ת","Hifil","Gen.",18,28,"Vayera",
"אַשְׁקֶה ","שׁ-ק-ה","Hifil","Gen.",24,14,"Chayei Sarah",
"אָאֹר ","א-ר-ר","Paal","Gen.",12,3,"Lech Lecha",
"אָבֹא ","ב-ו-א","Paal","Gen.",33,14,"Vayishlach",
"אָהֵב ","א-ה-ב","Paal","Gen.",27,9,"Toledot",
"אָהַבְתִּי ","א-ה-ב","Paal","Gen.",27,4,"Toledot",
"אָהַבְתָּ ","א-ה-ב","Paal","Gen.",22,2,"Vayera",
"אָכְלוּ ","א-כ-ל","Paal","Gen.",14,24,"Lech Lecha",
"אָכָלְתִּי ","א-כ-ל","Paal","Gen.",31,38,"Vayetze",
"אָמְרָה ","א-מ-ר","Paal","Gen.",16,13,"Lech Lecha",
"אָמְרוּ ","א-מ-ר","Paal","Gen.",38,22,"Vayeshev",
"אָמַרְתִּי ","א-מ-ר","Paal","Gen.",20,11,"Vayera",
"אָמַרְתָּ ","א-מ-ר","Paal","Gen.",12,19,"Lech Lecha",
"אָמוּת ","מ-ו-ת","Paal","Gen.",26,9,"Toledot",
"אָסַף ","א-ס-ף","Paal","Gen.",30,33,"Vayetze",
"אָצַלְתָּ ","א-צ-ל","Paal","Gen.",27,36,"Toledot",
"אָקִים ","ק-ו-ם","Hifil","Gen.",17,21,"Lech Lecha",
"אָרְכוּ ","א-ר-ך","Paal","Gen.",26,8,"Toledot",
"אָשִׁיב ","שׁ-ו-ב","Hifil","Gen.",24,5,"Chayei Sarah",
"אָשׁוּבָה ","שׁ-ו-ב","Paal","Gen.",30,31,"Vayetze",
"אָשׁוּב ","שׁ-ו-ב","Paal","Gen.",18,10,"Vayera",
"אֹהֶבֶת ","א-ה-ב","Paal","Gen.",25,28,"Toledot",
"אֹחֶזֶת ","א-ח-ז","Paal","Gen.",25,26,"Toledot",
"אֹכַל ","א-כ-ל","Paal","Gen.",24,33,"Chayei Sarah",
"אֹמְרִים ","א-מ-ר","Paal","Gen.",37,17,"Vayeshev",
"אֹמַר ","א-מ-ר","Paal","Gen.",22,2,"Vayera",
"אֹסִף ","י-ס-ף","Hifil","Gen.",8,21,"Noach",
"אוֹדֶה ","י-ד-ה","Hifil","Gen.",29,35,"Vayetze",
"אוֹכֵל ","א-כ-ל","Paal","Gen.",39,6,"Vayeshev",
"אוֹצִיאָה ","י-צ-א","Hifil","Gen.",19,8,"Vayera",
"אוּכַל ","י-כ-ל","Paal","Gen.",19,19,"Vayera",
"בְהַקְשֹׁתָהּ ","ק-שׁ-ה","Hifil","Gen.",35,17,"Vayishlach",
"בְלִדְתָּהּ ","י-ל-ד","Paal","Gen.",38,28,"Vayeshev",
"בְלֹתִי","ב-ל-ה","Paal","Gen.",18,12,"Vayera",
"בֵרַךְ ","ב-ר-ך","Piel","Gen.",28,6,"Toledot",
"בָא ","ב-ו-א","Paal","Gen.",28,11,"Vayetze",
"בָאוּ ","ב-ו-א","Paal","Gen.",41,21,"Mikketz",
"בָאנוּ ","ב-ו-א","Paal","Gen.",43,21,"Mikketz",
"בָאת ","ב-ו-א","Paal","Gen.",16,8,"Lech Lecha",
"בָרֵךְ ","ב-ר-ך","Piel","Gen.",22,17,"Vayera",
"בָרַח ","ב-ר-ח","Paal","Gen.",31,22,"Vayetze",
"בָתָר ","ב-ת-ר","Paal","Gen.",15,10,"Lech Lecha",
"בֹרֵחַ ","ב-ר-ח","Paal","Gen.",31,20,"Vayetze",
"בְּבָרְחֲךָ ","ב-ר-ח","Paal","Gen.",35,1,"Vayishlach",
"בְּבָרְחוֹ ","ב-ר-ח","Paal","Gen.",35,7,"Vayishlach",
"בְּבָרְכוֹ ","ב-ר-ך","Piel","Gen.",28,6,"Toledot",
"בְּבֹאָן ","ב-ו-א","Paal","Gen.",30,38,"Vayetze",
"בְּבֹאוֹ ","ב-ו-א","Paal","Gen.",33,18,"Vayishlach",
"בְּבוֹא ","ב-ו-א","Paal","Gen.",41,15,"Mikketz",
"בְּדַבֵּר ","ד-ב-ר","Piel","Gen.",27,5,"Toledot",
"בְּהִוָּלֶד ","י-ל-ד","Nifal","Gen.",21,5,"Vayera",
"בְּהִמֹּלוֹ ","מ-ו-ל","Nifal","Gen.",17,24,"Lech Lecha",
"בְּהִמּוֹל ","מ-ו-ל","Nifal","Gen.",34,22,"Vayishlach",
"בְּהִתְחַנְנוֹ ","ח-נ-ן","Hitpael","Gen.",41,21,"Mikketz",
"בְּלִדְתָּהּ ","י-ל-ד","Paal","Gen.",38,5,"Vayeshev",
"בְּלֶדֶת ","י-ל-ד","Paal","Gen.",16,16,"Lech Lecha",
"בְּמֹצַאֲכֶם ","מ-צ-א","Paal","Gen.",32,20,"Vayishlach",
"בְּנָסְעָם ","נ-ס-ע","Paal","Gen.",11,2,"Noach",
"בְּעָמְדוֹ ","ע-ב-ד","Paal","Gen.",41,46,"Mikketz",
"בְּצֵאת ","י-צ-א","Paal","Gen.",35,18,"Vayishlach",
"בְּצֵאתוֹ ","י-צ-א","Paal","Gen.",12,4,"Lech Lecha",
"בְּקַחְתּוֹ ","ל-ק-ח/י-ק-ח","Paal","Gen.",25,20,"Toledot",
"בְּרַח ","ב-ר-ח","Paal","Gen.",27,43,"Toledot",
"בְּשִׁכְבָהּ ","שׁ-כ-ב","Paal","Gen.",19,33,"Vayera",
"בְּשַׁחֵת ","שׁ-ח-ת","Piel","Gen.",19,29,"Vayera",
"בִּרְעֹתוֹ ","ר-ע-ה","Paal","Gen.",36,24,"Vayishlach",
"בֵּרְכוֹ ","ב-ר-ך","Piel","Gen.",27,27,"Toledot",
"בֵּרַךְ ","ב-ר-ך","Piel","Gen.",24,1,"Chayei Sarah",
"בֵּרַכְתִּי ","ב-ר-ך","Piel","Gen.",17,20,"Lech Lecha",
"בֵּרַכְתָּנִי ","ב-ר-ך","Piel","Gen.",32,27,"Vayishlach",
"בַּהֲפֹךְ ","ה-פ-ך","Paal","Gen.",19,29,"Vayera",
"בָּאִים ","ב-ו-א","Paal","Gen.",18,11,"Vayera",
"בָּאָה ","ב-ו-א","Paal","Gen.",15,17,"Lech Lecha",
"בָּא ","ב-ו-א","Paal","Gen.",6,13,"Noach","past"
"בָּא ","ב-ו-א","Paal","Gen.",37,19,"Vayeshev","present"
"בָּאוֹת ","ב-ו-א","Paal","Gen.",41,29,"Mikketz",
"בָּאוּ ","ב-ו-א","Paal","Gen.",7,9,"Noach",
"בָּאנוּ ","ב-ו-א","Paal","Gen.",32,7,"Vayishlach",
"בָּאתֶם ","ב-ו-א","Paal","Gen.",26,27,"Toledot",
"בָּלַל ","ב-ל-ל","Paal","Gen.",11,9,"Noach",
"בָּנוּ ","ב-נ-ה","Paal","Gen.",11,5,"Noach",
"בָּרְכֵנִי ","ב-ר-ך","Piel","Gen.",27,34,"Toledot",
"בֹּאֲךָ ","ב-ו-א","Paal","Gen.",19,22,"Vayera",
"בֹּאָם ","ב-ו-א","Paal","Gen.",34,5,"Vayishlach",
"בֹּא ","ב-ו-א","Paal","Gen.",7,1,"Noach",
"בֹּרַחַת ","ב-ר-ח","Paal","Gen.",16,8,"Lech Lecha",
"גְנָבָתַם ","ג-נ-ב","Paal","Gen.",31,32,"Vayetze",
"גָדְלָה ","ג-ד-ל","Paal","Gen.",19,13,"Vayera",
"גָדַל ","ג-ד-ל","Paal","Gen.",26,13,"Toledot",
"גָנַבְתָּ ","ג-נ-ב","Paal","Gen.",31,30,"Vayetze",
"גֻנֹּב ","ג-נ-ב","Pual","Gen.",40,15,"Vayeshev",
"גְּשָׁה ","נ-ג-שׁ","Paal","Gen.",27,21,"Toledot",
"גִּשְׁתּוֹ ","נ-ג-שׁ","Paal","Gen.",33,3,"Vayishlach",
"גֶּשׁ ","נ-ג-שׁ","Paal","Gen.",19,9,"Vayera",
"גַּרְתִּי ","ג-ו-ר","Paal","Gen.",32,5,"Vayishlach",
"גַּרְתָּה ","ג-ו-ר","Paal","Gen.",21,23,"Vayera",
"גָּבְרוּ ","ג-ב-ר","Paal","Gen.",7,19,"Noach",
"גָּזְלוּ ","ג-ז-ל","Paal","Gen.",21,25,"Vayera",
"גָּרֵשׁ ","ג-ר-שׁ","Piel","Gen.",21,10,"Vayera",
"גָּר ","ג-ו-ר","Paal","Gen.",35,27,"Vayishlach",
"גֻּנַּבְתִּי ","ג-נ-ב","Pual","Gen.",40,15,"Vayeshev",
"גּוּר ","ג-ו-ר","Paal","Gen.",26,3,"Toledot",
"דַבְּרוֹ ","ד-ב-ר","Piel","Gen.",37,4,"Vayeshev",
"דָלַקְתָּ ","ד-ל-ק","Paal","Gen.",31,36,"Vayetze",
"דִּבְּרָה ","ד-ב-ר","Piel","Gen.",39,19,"Vayeshev",
"דִּבֶּר ","ד-ב-ר","Piel","Gen.",12,5,"Lech Lecha",
"דִּבַּרְתִּי ","ד-ב-ר","Piel","Gen.",24,33,"Chayei Sarah",
"דִּבַּרְתָּ ","ד-ב-ר","Piel","Gen.",18,5,"Vayera",
"דַּבֵּר ","ד-ב-ר","Piel","Gen.",24,33,"Chayei Sarah",
"דַּע ","י-ד-ע","Paal","Gen.",20,7,"Vayera",
"דָּן ","ד-ו-ן","Paal","Gen.",15,14,"Lech Lecha",
"דָּנַנִּי ","ד-י-ן","Paal","Gen.",30,6,"Vayetze",
"הֱוֵה ","ה-י-ה","Paal","Gen.",27,29,"Toledot",
"הֱפִיצָם ","פ-ו-ץ","Hifil","Gen.",11,9,"Noach",
"הֲבוֹא ","ב-ו-א","Paal","Gen.",37,10,"Vayeshev",
"הֲיִי ","ה-י-ה","Paal","Gen.",24,60,"Chayei Sarah",
"הֲיִפָּלֵא ","פ-ל-א","Nifal","Gen.",18,14,"Vayera",
"הֲמָלֹךְ ","מ-ל-ך","Paal","Gen.",37,8,"Vayeshev",
"הֲקִמֹתִי ","ק-ו-ם","Hifil","Gen.",9,17,"Noach",
"הֲקַלּוּ ","ק-ל-ל","Paal","Gen.",8,8,"Noach",
"הֲרִימֹתִי ","ר-ו-ם","Hifil","Gen.",39,15,"Vayeshev",
"הֲרִמֹתִי ","ר-ו-ם","Hifil","Gen.",14,22,"Lech Lecha",
"הֲתֵלְכִי ","ה-ל-ך/י-ל-ך","Paal","Gen.",24,48,"Chayei Sarah",
"הֲתַשְׁחִית ","שׁ-ח-ת","Hifil","Gen.",18,28,"Vayera",
"הִבְשִׁילוּ ","ב-שׁ-ל","Hifil","Gen.",40,10,"Vayeshev",
"הִגַּדְתָּ ","נ-ג-ד","Hifil","Gen.",12,18,"Lech Lecha",
"הִגָּמֵל ","ג-מ-ל","Nifal","Gen.",21,8,"Vayera",
"הִכִּירוֹ ","נ-כ-ר","Hifil","Gen.",27,22,"Toledot",
"הִכּוּ ","נ-כ-ה","Hifil","Gen.",19,11,"Vayera",
"הִלְבִּישָׁה ","ל-ב-שׁ","Hifil","Gen.",27,16,"Toledot",
"הִמָּלֵט ","מ-ל-ט","Nifal","Gen.",19,17,"Vayera",
"הִמּוֹל ","מ-ו-ל","Nifal","Gen.",17,10,"Lech Lecha",
"הִמּוֹל ","מ-ו-ל","Nifal","Gen.",17,12,"Lech Lecha",
"הִנְחַנִי ","נ-ח-ה","Hifil","Gen.",24,48,"Chayei Sarah",
"הִסְכַּלְתָּ ","ס-כ-ל","Hifil","Gen.",31,28,"Vayetze",
"הִפְקִיד ","פ-ק-ד","Hifil","Gen.",39,5,"Vayeshev",
"הִפְרִיד ","פ-ר-ד","Hifil","Gen.",30,40,"Vayetze",
"הִפָּרֶד ","פ-ר-ד","Nifal","Gen.",13,9,"Lech Lecha",
"הִצְלִיחַ ","צ-ל-ח","Hifil","Gen.",24,56,"Chayei Sarah",
"הִצִּיל ","נ-צ-ל","Hifil","Gen.",31,16,"Vayetze",
"הִצַּבְתָּ ","י-צ-ב","Hifil","Gen.",21,29,"Vayera",
"הִקְרִיב ","ק-ר-ב","Hifil","Gen.",12,11,"Lech Lecha",
"הִקְרָה ","ק-ר-ה","Hifil","Gen.",27,20,"Toledot",
"הִרְחִיב ","ר-ח-ב","Hifil","Gen.",26,22,"Toledot",
"הִשְׁחִית ","שׁ-ח-ת","Hifil","Gen.",6,12,"Noach",
"הִשְׁקָתָה ","שׁ-ק-ה","Hifil","Gen.",24,46,"Chayei Sarah",
"הִשָּׁבְעָה ","שׁ-ב-ע","Nifal","Gen.",21,23,"Vayera",
"הִשָּׁמֶר ","שׁ-מ-ר","Nifal","Gen.",24,6,"Chayei Sarah",
"הִתְהַלֵּךְ","ה-ל-ך","Hitpael","Gen.",13,17,"Lech Lecha",
"הִתְהַלֶּךְ ","ה-ל-ך","Hitpael","Gen.",6,9,"Noach",
"הִתְהַלַּכְתִּי ","ה-ל-ך/י-ל-ך","Hitpael","Gen.",24,40,"Chayei Sarah",
"הִתְעַשְּׂקוּ ","ע-שׂ-ק","Hitpael","Gen.",26,20,"Toledot",
"הִתְעוּ ","ת-ע-ה","Hifil","Gen.",20,13,"Vayera",
"הֵאָסֵף ","א-ס-ף","Nifal","Gen.",29,7,"Vayetze",
"הֵבֵאתִי ","ב-ו-א","Hifil","Gen.",31,39,"Vayetze",
"הֵבֵאתָ ","ב-ו-א","Hifil","Gen.",20,9,"Vayera",
"הֵיטִיב ","י-ט-ב","Hifil","Gen.",12,16,"Lech Lecha",
"הֵיטֵב ","י-ט-ב","Hifil","Gen.",32,13,"Vayishlach",
"הֵינִיקָה ","י-נ-ק","Hifil","Gen.",21,7,"Vayera",
"הֵפַר ","פ-ר-ר","Hifil","Gen.",17,14,"Lech Lecha",
"הֵשִׁיב ","שׁ-ו-ב","Hifil","Gen.",14,16,"Lech Lecha",
"הֵתֶל ","ת-ל-ל","Hifil","Gen.",31,7,"Vayetze",
"הֶהָשֵׁב ","שׁ-ו-ב","Hifil","Gen.",24,5,"Chayei Sarah",
"הֶעֱשַׁרְתִּי ","ע-שׁ-ר","Hifil","Gen.",14,23,"Lech Lecha",
"הַבֶּט ","נ-ב-ט","Hifil","Gen.",15,5,"Lech Lecha",
"הַבָּאָה ","ב-ו-א","Paal","Gen.",18,21,"Vayera",
"הַבָּא ","ב-ו-א","Paal","Gen.",32,14,"Vayishlach",
"הַגְמִיאִינִי ","ג-מ-א","Hifil","Gen.",24,17,"Chayei Sarah",
"הַגִּידִי ","נ-ג-ד","Hifil","Gen.",24,23,"Chayei Sarah",
"הַגִּידָה ","נ-ג-ד","Hifil","Gen.",29,15,"Vayetze",
"הַגִּידוּ ","נ-ג-ד","Hifil","Gen.",24,49,"Chayei Sarah",
"הַגִּשָׁה ","נ-ג-שׁ","Hifil","Gen.",27,25,"Toledot",
"הַדֹּבֵר ","ד-ב-ר","Paal","Gen.",16,13,"Lech Lecha",
"הַהִצְלִיחַ ","צ-ל-ח","Hifil","Gen.",24,21,"Chayei Sarah",
"הַהֹלְכִים ","ה-ל-ך/י-ל-ך","Paal","Gen.",32,20,"Vayishlach",
"הַהֹלֶכֶת ","ה-ל-ך/י-ל-ך","Paal","Gen.",32,21,"Vayishlach",
"הַחִלָּם ","ח-ל-ל","Hifil","Gen.",11,6,"Noach",
"הַטִּי ","נ-ט-ה","Hifil","Gen.",24,14,"Chayei Sarah",
"הַיְדַעְתֶּם ","י-ד-ע","Paal","Gen.",29,5,"Vayetze",
"הַיְצֵא ","י-צ-א","Hifil","Gen.",8,17,"Noach",
"הַיֹּצְאִים","י-צ-א","Paal","Gen.",9,18,"Noach",
"הַיֹּשֵׁב ","י-שׁ-ב","Paal","Gen.",14,7,"Lech Lecha",
"הַכֶּר ","נ-כ-ר","Hifil","Gen.",31,32,"Vayetze",
"הַלְעִיטֵנִי ","ל-ע-ט","Hifil","Gen.",25,30,"Toledot",
"הַמְכַסֶּה ","כ-ס-ה","Piel","Gen.",18,17,"Vayera",
"הַמַּכֶּה ","נ-כ-ה","Hifil","Gen.",36,35,"Vayishlach",
"הַמֹּשֵׁל ","מ-שׁ-ל","Paal","Gen.",24,2,"Chayei Sarah",
"הַנִּמְצָאֹת ","מ-צ-א","Nifal","Gen.",19,15,"Vayera",
"הַנִּרְאֶה ","ר-א-ה","Nifal","Gen.",12,7,"Lech Lecha",
"הַנִּשְׁאָר ","שׁ-א-ר","Nifal","Gen.",32,9,"Vayishlach",
"הַנֹּגֵעַ ","נ-ג-ע","Paal","Gen.",26,11,"Toledot",
"הַנּוֹלַד ","י-ל-ד","Nifal","Gen.",21,3,"Vayera",
"הַנּוֹתָרֹת ","י-ת-ר","Nifal","Gen.",30,37,"Vayetze",
"הַצִּילֵנִי ","נ-צ-ל","Hifil","Gen.",32,12,"Vayishlach",
"הַצִּיל ","נ-צ-ל","Hifil","Gen.",37,22,"Vayeshev",
"הַצָּד","צ-ו-ד","Paal","Gen.",27,33,"Toledot",
"הַקְרֵה ","ק-ר-ה","Hifil","Gen.",24,12,"Chayei Sarah",
"הַרְבּוּ ","ר-ב-ה","Hifil","Gen.",34,12,"Vayishlach",
"הַשְׁלִיכוּ ","שׁ-ל-ך","Hifil","Gen.",37,22,"Vayeshev",
"הַשְׁקִינִי ","שׁ-ק-ה","Hifil","Gen.",24,43,"Chayei Sarah",
"הַשְׁקוּ ","שׁ-ק-ה","Hifil","Gen.",29,7,"Vayetze",
"הַשֹּׁמֵעַ ","שׁ-מ-ע","Paal","Gen.",21,6,"Vayera",
"הָאֹמֵר ","א-מ-ר","Paal","Gen.",32,10,"Vayishlach",
"הָבִיאָה ","ב-ו-א","Hifil","Gen.",27,7,"Toledot",
"הָבִיא ","ב-ו-א","Hifil","Gen.",18,19,"Vayera",
"הָבָה ","י-ה-ב","Paal","Gen.",29,21,"Vayetze",
"הָיִיתִי ","ה-י-ה","Paal","Gen.",31,40,"Vayetze",
"הָיִיתָ ","ה-י-ה","Paal","Gen.",40,13,"Vayeshev",
"הָיוֹ ","ה-י-ה","Paal","Gen.",18,18,"Vayera",
"הָלְכוּ ","ה-ל-ך/י-ל-ך","Paal","Gen.",14,24,"Lech Lecha",
"הָלַךְ ","ה-ל-ך/י-ל-ך","Paal","Gen.",26,26,"Toledot",
"הָלַכְתָּ ","ה-ל-ך/י-ל-ך","Paal","Gen.",31,30,"Vayetze",
"הָלָכְתִּי ","ה-ל-ך/י-ל-ך","Paal","Gen.",35,3,"Vayishlach",
"הָלֹךְ ","ה-ל-ך/י-ל-ך","Paal","Gen.",31,30,"Vayetze",
"הָלוֹךְ ","ה-ל-ך","Paal","Gen.",8,3,"Noach",
"הָסִרוּ ","ס-ו-ר","Hifil","Gen.",35,2,"Vayishlach",
"הָסֵר ","ס-ו-ר","Hifil","Gen.",30,32,"Vayetze",
"הָעֹלִים ","ע-ל-ה","Paal","Gen.",31,10,"Vayetze",
"הָעֹנֶה ","ע-נ-ה","Paal","Gen.",35,3,"Vayishlach",
"הָפְכִּי ","ה-פ-ך","Paal","Gen.",19,21,"Vayera",
"הָרְגוּ ","ה-ר-ג","Paal","Gen.",34,26,"Vayishlach",
"הָרָה ","ה-ר-ה","Paal","Gen.",16,11,"Lech Lecha",
"הָרָתָה ","ה-ר-ה","Paal","Gen.",16,4,"Lech Lecha",
"הָשֵׁב ","שׁ-ו-ב","Hifil","Gen.",20,7,"Vayera",
"הֻבָאת ","ב-ו-א","Hufal","Gen.",33,11,"Vayishlach",
"הוֹאַלְתִּי ","י-א-ל","Hifil","Gen.",18,27,"Vayera",
"הוֹלְכִים ","ה-ל-ך/י-ל-ך","Paal","Gen.",37,25,"Vayeshev",
"הוֹלִיד ","י-ל-ד","Hifil","Gen.",25,19,"Toledot",
"הוֹלֵךְ ","ה-ל-ך/י-ל-ך","Paal","Gen.",15,2,"Lech Lecha",
"הוֹצִיאֵם ","י-צ-א","Hifil","Gen.",19,5,"Vayera",
"הוֹצִיא ","י-צ-א","Hifil","Gen.",14,18,"Lech Lecha",
"הוֹצִיאוּהָ ","י-צ-א","Hifil","Gen.",38,24,"Vayeshev",
"הוֹצֵא ","י-צ-א","Hifil","Gen.",19,12,"Vayera",
"הוֹצֵאתִיךָ ","י-צ-א","Hifil","Gen.",15,7,"Lech Lecha",
"הוֹרִדֻהוּ ","י-ר-ד","Hifil","Gen.",39,1,"Vayeshev",
"הוּרַד ","י-ר-ד","Hufal","Gen.",39,1,"Vayeshev",
"וְאִבָּנֶה ","ב-נ-ה","Nifal","Gen.",30,3,"Vayetze",
"וְאֵיטִיבָה ","י-ט-ב","Hifil","Gen.",32,10,"Vayishlach",
"וְאֵלְכָה ","ה-ל-ך/י-ל-ך","Paal","Gen.",24,56,"Chayei Sarah",
"וְאֵלֵכָה ","ה-ל-ך/י-ל-ך","Paal","Gen.",30,26,"Vayetze",
"וְאֶהְיֶה ","ה-י-ה","Paal","Gen.",26,3,"Toledot",
"וְאֶעֱשֶׂה ","ע-שׂ-ה","Paal","Gen.",27,9,"Toledot",
"וְאֶעֶשְׂךָ ","ע-שׂ-ה","Paal","Gen.",12,2,"Lech Lecha",
"וְאֶפְנֶה ","פ-נ-ה","Paal","Gen.",24,49,"Chayei Sarah",
"וְאֶקְבְּרָה ","ק-ב-ר","Paal","Gen.",23,4,"Chayei Sarah",
"וְאֶקְחָה ","ל-ק-ח/י-ק-ח","Paal","Gen.",18,5,"Vayera",
"וְאֶרְאֶה ","ר-א-ה","Paal","Gen.",18,21,"Vayera",
"וְאֶשְׁלָחֲךָ ","שׁ-ל-ח","Paal","Gen.",37,13,"Vayeshev",
"וְאֶשְׁתֶּה ","שׁ-ת-ה","Paal","Gen.",24,14,"Chayei Sarah",
"וְאֶתְּנָה ","נ-ת-ן","Paal","Gen.",17,2,"Lech Lecha",
"וְאֶתֵּנָה ","נ-ת-ן","Paal","Gen.",30,29,"Vayetze",
"וְאַהַרְגָה ","ה-ר-ג","Paal","Gen.",27,41,"Toledot",
"וְאַרְבֶּה ","ר-ב-ה","Hifil","Gen.",17,2,"Lech Lecha",
"וְאַשְׁבִּיעֲךָ ","שׁ-ב-ע","Hifil","Gen.",24,3,"Chayei Sarah",
"וְאַשְׂמְאִילָה ","שׂ-מ-א-ל","Hifil","Gen.",13,9,"Lech Lecha",
"וְאָבוֹאָה ","ב-ו-א","Paal","Gen.",29,21,"Vayetze",
"וְאָכְלָה ","א-כ-ל","Paal","Gen.",27,19,"Toledot",
"וְאָמְרָה ","א-מ-ר","Paal","Gen.",24,14,"Chayei Sarah",
"וְאָמְרוּ ","א-מ-ר","Paal","Gen.",12,12,"Lech Lecha",
"וְאָמַרְנוּ ","א-מ-ר","Paal","Gen.",37,20,"Vayeshev",
"וְאָמַרְתִּי ","א-מ-ר","Paal","Gen.",24,43,"Chayei Sarah",
"וְאָמַרְתָּ ","א-מ-ר","Paal","Gen.",32,19,"Vayishlach",
"וְאָסַפְתָּ ","א-ס-ף","Paal","Gen.",6,21,"Noach",
"וְאֹכְלָה ","א-כ-ל","Paal","Gen.",27,25,"Toledot",
"וְאֹכֵלָה ","א-כ-ל","Paal","Gen.",27,4,"Toledot",
"וְגָדֵל ","ג-ד-ל","Paal","Gen.",26,13,"Toledot",
"וְגָלְלוּ ","ג-ל-ל","Paal","Gen.",29,3,"Vayetze",
"וְהֲרָגוּנִי ","ה-ר-ג","Paal","Gen.",20,11,"Vayera",
"וְהִזְכַּרְתַּנִי ","ז-כ-ר","Hifil","Gen.",40,14,"Vayeshev",
"וְהִטַּהֲרוּ ","ט-ה-ר","Hitpael","Gen.",35,2,"Vayishlach",
"וְהִכַּנִי ","נ-כ-ה","Hifil","Gen.",32,12,"Vayishlach",
"וְהִכָּהוּ ","נ-כ-ה","Hifil","Gen.",32,9,"Vayishlach",
"וְהִכּוּנִי ","נ-כ-ה","Hifil","Gen.",34,30,"Vayishlach",
"וְהִפְרֵתִי ","פ-ר-ה","Hifil","Gen.",17,6,"Lech Lecha",
"וְהִצְלִיחַ ","צ-ל-ח","Hifil","Gen.",24,40,"Chayei Sarah",
"וְהִרְבֵּיתִי ","ר-ב-ה","Hifil","Gen.",17,20,"Lech Lecha",
"וְהִשְׁכַּמְתֶּם ","שׁ-כ-ם","Hifil","Gen.",19,2,"Vayera",
"וְהִשְׁקִינוּ ","שׁ-ק-ה","Hifil","Gen.",29,8,"Vayetze",
"וְהִשְׁקוּ ","שׁ-ק-ה","Hifil","Gen.",29,3,"Vayetze",
"וְהִשָּׁעֲנוּ ","שׁ-ע-ן","Nifal","Gen.",18,4,"Vayera",
"וְהִתְבָּרְכוּ ","ב-ר-ך","Hitpael","Gen.",22,18,"Vayera",
"וְהִתְחַתְּנוּ ","ח-ת-ן","Hitpael","Gen.",34,9,"Vayishlach",
"וְהִתְעַנִּי ","ע-נ-ה","Hitpael","Gen.",16,9,"Lech Lecha",
"וְהֵאָחֲזוּ ","א-ח-ז","Nifal","Gen.",34,10,"Vayishlach",
"וְהֵבֵאתָ ","ב-ו-א","Hifil","Gen.",26,10,"Toledot",
"וְהֵשִׁיבוּ ","שׁ-ו-ב","Hifil","Gen.",29,3,"Vayetze",
"וְהֶאֱמִן ","א-מ-ן","Hifil","Gen.",15,6,"Lech Lecha",
"וְהֶחֱלִף ","ח-ל-ף","Hifil","Gen.",31,7,"Vayetze",
"וְהֶחֱרִשׁ ","ח-ר-שׁ","Hifil","Gen.",34,5,"Vayishlach",
"וְהַבֵאתִי ","ב-ו-א","Hifil","Gen.",27,12,"Toledot",
"וְהַחֲזִיקִי ","ח-ז-ק","Hifil","Gen.",21,18,"Vayera",
"וְהַחֲלִיפוּ ","ח-ל-ף","Hifil","Gen.",35,2,"Vayishlach",
"וְהַעֲלֵהוּ ","ע-ל-ה","Hifil","Gen.",22,2,"Vayera",
"וְהַרְבָּה ","ר-ב-ה","Hifil","Gen.",22,17,"Vayera",
"וְהָבִיאָה ","ב-ו-א","Hifil","Gen.",27,4,"Toledot",
"וְהָיְתָה ","ה-י-ה","Paal","Gen.",9,13,"Noach",
"וְהָיִינוּ ","ה-י-ה","Paal","Gen.",34,16,"Vayishlach",
"וְהָיִיתָ ","ה-י-ה","Paal","Gen.",17,4,"Lech Lecha",
"וְהָלָכְנוּ ","ה-ל-ך/י-ל-ך","Paal","Gen.",34,17,"Vayishlach",
"וְהָקֵם ","ק-ו-ם","Hifil","Gen.",38,8,"Vayeshev",
"וְהָרְגוּ ","ה-ר-ג","Paal","Gen.",12,12,"Lech Lecha",
"וְהוֹכִחַ ","י-כ-ח","Hifil","Gen.",21,25,"Vayera",
"וְהוֹצֵאתַנִי ","י-צ-א","Hifil","Gen.",40,14,"Vayeshev",
"וְזָכַרְתִּי ","ז-כ-ר","Paal","Gen.",9,15,"Noach",
"וְחָטָאתִי ","ח-ט-א","Paal","Gen.",39,9,"Vayeshev",
"וְחָיְתָה ","ח-י-ה","Paal","Gen.",12,13,"Lech Lecha",
"וְחָסוֹר ","ח-ס-ר","Paal","Gen.",8,5,"Noach",
"וְיִירַשׁ ","י-ר-שׁ","Paal","Gen.",24,60,"Chayei Sarah",
"וְיִסְחֲרוּ ","ס-ח-ר","Paal","Gen.",34,21,"Vayishlach",
"וְיִרַשׁ ","י-ר-שׁ","Paal","Gen.",22,17,"Vayera",
"וְיִשְׁכֹּן ","שׁ-כ-ן","Paal","Gen.",9,27,"Noach",
"וְיִתְפַּלֵּל ","פ-ל-ל","Hitpael","Gen.",20,7,"Vayera",
"וְיִתֶּן ","נ-ת-ן","Paal","Gen.",23,9,"Chayei Sarah",
"וְיִתֶּן ","נ-ת-ן","Paal","Gen.",28,4,"Toledot",
"וְיֵשְׁבוּ ","י-שׁ-ב","Paal","Gen.",34,21,"Vayishlach",
"וְיַבֵּם ","י-ב-ם","Piel","Gen.",38,8,"Vayeshev",
"וְיַפְרְךָ ","פ-ר-ה","Hifil","Gen.",28,3,"Toledot",
"וְיַרְבֶּךָ ","ר-ב-ה","Hifil","Gen.",28,3,"Toledot",
"וְיָשַׁבְנוּ ","י-שׁ-ב","Paal","Gen.",34,16,"Vayishlach",
"וְיָשַׁבְתָּ ","י-שׁ-ב","Paal","Gen.",27,44,"Toledot",
"וְיֹלַדְתְּ ","י-ל-ד","Paal","Gen.",16,11,"Lech Lecha",
"וְיֹרְדִים ","י-ר-ד","Paal","Gen.",28,12,"Vayetze",
"וְיִּשְׁתַּחֲווּ ","שׁ-ח-ה","Hitpael","Gen.",27,29,"Toledot",
"וְיוֹכִיחוּ ","י-כ-ח","Hifil","Gen.",31,37,"Vayetze",
"וְכִסִּינוּ ","כ-ס-ה","Piel","Gen.",37,26,"Vayeshev",
"וְכָפַרְתָּ ","כ-פ-ר","Paal","Gen.",6,4,"Noach",
"וְלִבְכֹּתָהּ ","ב-כ-ה","Paal","Gen.",23,2,"Chayei Sarah",
"וְלִינוּ ","ל-ו-ן/ל-י-ן","Paal","Gen.",19,2,"Vayera",
"וְלֶךְ ","ה-ל-ך/י-ל-ך","Paal","Gen.",22,2,"Vayera",
"וְלָקַחְנוּ ","ל-ק-ח/י-ק-ח","Paal","Gen.",34,17,"Vayishlach",
"וְלָקַחַת ","ל-ק-ח/י-ק-ח","Paal","Gen.",30,15,"Vayetze",
"וְלָקָחְתָּ ","ל-ק-ח/י-ק-ח","Paal","Gen.",24,4,"Chayei Sarah",
"וְנִבְרְכוּ ","ב-ר-ך","Nifal","Gen.",12,3,"Lech Lecha",
"וְנִכְרְתָה ","כ-ר-ת","Nifal","Gen.",17,14,"Lech Lecha",
"וְנִמְכְּרֶנּוּ ","מ-כ-ר","Paal","Gen.",37,27,"Vayeshev",
"וְנִקִּיתָ ","נ-ק-ה","Piel","Gen.",24,8,"Chayei Sarah",
"וְנִרְאֲתָה ","ר-א-ה","Nifal","Gen.",9,14,"Noach",
"וְנִרְאֶה ","ר-א-ה","Paal","Gen.",37,20,"Vayeshev",
"וְנִשְׁאֲלָה ","שׁ-א-ל","Paal","Gen.",24,57,"Chayei Sarah",
"וְנִשְׁכְּבָה ","שׁ-כ-ב","Paal","Gen.",19,22,"Vayera",
"וְנִשְׁמַדְתִּי ","שׁ-מ-ד","Nifal","Gen.",34,30,"Vayishlach",
"וְנִשְׁתַּחֲוֶה ","שׁ-ח-ה","Hitpael","Gen.",22,5,"Vayera",
"וְנִשְׂרְפָה ","שׂ-ר-ף","Paal","Gen.",11,3,"Noach",
"וְנִתְּנָה ","נ-ת-ן","Paal","Gen.",29,27,"Vayetze","rashbam nifal"
"וְנֵדְעָה ","י-ד-ע","Paal","Gen.",19,5,"Vayera",
"וְנֵלֵכָה ","ה-ל-ך/י-ל-ך","Paal","Gen.",33,12,"Vayishlach",
"וְנֶאֶסְפוּ ","א-ס-ף","Nifal","Gen.",29,3,"Vayetze",
"וְנֶאֶסְפוּ ","א-ס-ף","Nifal","Gen.",34,30,"Vayishlach",
"וְנַהַרְגֵהוּ ","ה-ר-ג","Paal","Gen.",37,20,"Vayeshev",
"וְנַעֲלֶה ","ע-ל-ה","Paal","Gen.",35,3,"Vayishlach",
"וְנַעֲשֶׂה ","ע-שׂ-ה","Paal","Gen.",11,4,"Noach",
"וְנַשְׁלִכֵהוּ ","שׁ-ל-ך","Hifil","Gen.",37,20,"Vayeshev",
"וְנָבְלָה ","ב-ל-ל","Paal","Gen.",11,7,"Noach",
"וְנָסוֹעַ ","נ-ס-ע","Paal","Gen.",12,9,"Lech Lecha",
"וְנָקוּמָה ","ק-ו-ם","Paal","Gen.",35,3,"Vayishlach",
"וְנָשׁוּבָה ","שׁ-ו-ב","Paal","Gen.",22,5,"Vayera",
"וְנָשָׂאתִי ","נ-שׂ-א","Paal","Gen.",18,26,"Vayera",
"וְנָתַן ","נ-ת-ן","Paal","Gen.",28,20,"Vayetze",
"וְנָתַנּוּ ","נ-ת-ן","Paal","Gen.",34,16,"Vayishlach",
"וְנָתַתִּי ","נ-ת-ן","Paal","Gen.",17,8,"Lech Lecha",
"וְנָתַתָּ ","נ-ת-ן","Paal","Gen.",40,13,"Vayeshev",
"וְנֹכָחַת ","י-כ-ח","Nifal","Gen.",20,16,"Vayera",
"וְסַעֲדוּ ","ס-ע-ד","Paal","Gen.",18,5,"Vayera",
"וְעִנּוּ ","ע-נ-ה","Piel","Gen.",15,13,"Lech Lecha",
"וְעָנְתָה ","ע-נ-ה","Paal","Gen.",30,33,"Vayetze",
"וְעָשִׂיתָ ","ע-שׂ-ה","Paal","Gen.",40,14,"Vayeshev",
"וְעָשָׂה ","ע-שׂ-ה","Paal","Gen.",37,3,"Vayeshev",
"וְצֵא ","י-צ-א","Paal","Gen.",27,3,"Toledot",
"וְצוּדָה ","צ-ו-ד","Paal","Gen.",27,3,"Toledot",
"וְקַח ","ל-ק-ח/י-ק-ח","Paal","Gen.",28,2,"Toledot",
"וְקָרָאתָ ","ק-ר-א","Paal","Gen.",17,19,"Lech Lecha",
"וְקָרָאת ","ק-ר-א","Paal","Gen.",16,11,"Lech Lecha",
"וְקוּם ","ק-ו-ם","Paal","Gen.",27,43,"Toledot",
"וְרַחֲצוּ ","ר-ח-ץ","Paal","Gen.",18,4,"Vayera",
"וְרָבוּ ","ר-ב-ה","Paal","Gen.",8,17,"Noach",
"וְשִׁחֵת ","שׁ-ח-ת","Piel","Gen.",38,9,"Vayeshev",
"וְשִׁלַּח ","שׁ-ל-ח","Piel","Gen.",28,6,"Toledot",
"וְשֶׁב ","י-שׁ-ב","Paal","Gen.",35,1,"Vayishlach",
"וְשַׁבְתִּי ","שׁ-ו-ב","Paal","Gen.",28,21,"Vayetze",
"וְשָׁכַח ","שׁ-כ-ח","Paal","Gen.",27,45,"Toledot",
"וְשָׁלַחְתִּי ","שׁ-ל-ח","Paal","Gen.",27,45,"Toledot",
"וְשָׁמְרוּ ","שׁ-מ-ר","Paal","Gen.",18,19,"Vayera",
"וְשָׁרְצוּ ","שׁ-ר-ץ","Paal","Gen.",8,17,"Noach",
"וְשׁוּב ","שׁ-ו-ב","Paal","Gen.",31,13,"Vayetze",
"וְשַׂמְתִּי ","שׂ-י-ם","Paal","Gen.",13,16,"Lech Lecha",
"וְשָׂם ","שׂ-י-ם","Paal","Gen.",30,41,"Vayetze",
"וְתִשָּׂרֵף ","שׂ-ר-ף","Nifal","Gen.",38,24,"Vayeshev",
"וְתֵלֵד ","י-ל-ד","Paal","Gen.",30,3,"Vayetze",
"וְתָלָה ","ת-ל-ה","Paal","Gen.",40,19,"Vayeshev",
"וֶהְיֵה ","ה-י-ה","Paal","Gen.",12,2,"Lech Lecha",
"וֶחְיֵה ","ח-י-ה","Paal","Gen.",20,7,"Vayera",
"וַאֲבָרְכֶךָּ ","ב-ר-ך","Piel","Gen.",26,3,"Toledot",
"וַאֲבָרְכָה ","ב-ר-ך","Piel","Gen.",12,3,"Lech Lecha",
"וַאֲבָרֶכְךָ","ב-ר-ך","Piel","Gen.",12,2,"Lech Lecha",
"וַאֲבָרֶכְכָה ","ב-ר-ך","Piel","Gen.",27,7,"Toledot",
"וַאֲגַדְּלָה ","ג-ד-ל","Piel","Gen.",12,2,"Lech Lecha",
"וַאֲדַבְּרָה ","ד-ב-ר","Piel","Gen.",18,32,"Vayera",
"וַאֲדַבֵּרָה ","ד-ב-ר","Piel","Gen.",18,30,"Vayera",
"וַאֲמַרְתֶּם ","א-מ-ר","Paal","Gen.",32,21,"Vayishlach",
"וַאֲמֻשְׁךָ ","מ-ו-שׁ/מ-שׁ-שׁ","Paal","Gen.",27,21,"Toledot",
"וַהֲלַכְתֶּם ","ה-ל-ך/י-ל-ך","Paal","Gen.",19,2,"Vayera",
"וַהֲקִמֹתִי ","ק-ו-ם","Hifil","Gen.",6,18,"Noach",
"וַהֲשִׁבֵנִי ","שׁ-ו-ב","Hifil","Gen.",37,14,"Vayeshev",
"וַהֲשִׁבֹתִךָ ","שׁ-ו-ב","Hifil","Gen.",28,15,"Vayetze",
"וַהֲשִׁיבְךָ ","שׁ-ו-ב","Hifil","Gen.",40,13,"Vayeshev",
"וַיְבִיאֵהוּ ","ב-ו-א","Hifil","Gen.",29,13,"Vayetze",
"וַיְבַקַּע ","ב-ק-ע","Piel","Gen.",22,3,"Vayera",
"וַיְבַתֵּר ","ב-ת-ר","Piel","Gen.",15,10,"Lech Lecha",
"וַיְבָרְכֵהוּ ","ב-ר-ך","Piel","Gen.",14,19,"Lech Lecha",
"וַיְבָרְכֵנִי ","ב-ר-ך","Piel","Gen.",30,27,"Vayetze",
"וַיְדַבְּרוּ ","ד-ב-ר","Piel","Gen.",34,20,"Vayishlach",
"וַיְדַבֵּר ","ד-ב-ר","Piel","Gen.",8,15,"Noach",
"וַיְדַבֵּרוּ ","ד-ב-ר","Piel","Gen.",34,13,"Vayishlach",
"וַיְהַלְלוּ ","ה-ל-ל","Piel","Gen.",12,15,"Lech Lecha",
"וַיְחַבְּקֵהוּ ","ח-ב-ק","Piel","Gen.",33,4,"Vayishlach",
"וַיְחַבֶּק ","ח-ב-ק","Piel","Gen.",29,13,"Vayetze",
"וַיְחַפֵּשׂ ","ח-פ-שׂ","Piel","Gen.",31,35,"Vayetze",
"וַיְכַסּוּ ","כ-ס-ה","Piel","Gen.",9,23,"Noach",
"וַיְכֻסּוּ ","כ-ס-ה","Pual","Gen.",7,19,"Noach",
"וַיְמִתֵהוּ ","מ-ו-ת","Hifil","Gen.",38,7,"Vayeshev",
"וַיְמַהֵר ","מ-ה-ר","Piel","Gen.",18,6,"Vayera",
"וַיְמַלְאוּם ","מ-ל-א","Piel","Gen.",26,15,"Toledot",
"וַיְמַלֵּא ","מ-ל-א","Piel","Gen.",29,28,"Vayetze",
"וַיְמַשֵּׁשׁ ","מ-שׁ-שׁ","Piel","Gen.",31,34,"Vayetze",
"וַיְמָאֵן ","מ-א-ן","Piel","Gen.",37,35,"Vayeshev",
"וַיְמֻשֵּׁהוּ ","מ-ו-שׁ/מ-שׁ-שׁ","Paal","Gen.",27,22,"Toledot",
"וַיְנַגַּע ","נ-ג-ע","Piel","Gen.",12,17,"Lech Lecha",
"וַיְנַשֵּׁק ","נ-שׁ-ק","Piel","Gen.",32,1,"Vayetze",
"וַיְנַשֶּׁק ","נ-שׁ-ק","Piel","Gen.",29,13,"Vayetze",
"וַיְסַפֵּר ","ס-פ-ר","Piel","Gen.",24,56,"Chayei Sarah",
"וַיְסַתְּמוּם ","ס-ת-ם","Piel","Gen.",26,18,"Toledot",
"וַיְעַנֶּהָ ","ע-נ-ה","Piel","Gen.",34,2,"Vayishlach",
"וַיְפַצֵּל ","פ-צ-ל","Piel","Gen.",30,37,"Vayetze",
"וַיְפַתַּח ","פ-ת-ח","Piel","Gen.",24,32,"Chayei Sarah",
"וַיְצַוֵּהוּ ","צ-ו-ה","Piel","Gen.",28,1,"Toledot",
"וַיְקַנְאוּ ","ק-נ-א","Piel","Gen.",26,14,"Toledot",
"וַיְרִימֶהָ ","ר-ו-ם","Hifil","Gen.",31,45,"Vayetze",
"וַיְשַׁלְּחֵם ","שׁ-ל-ח","Piel","Gen.",25,6,"Chayei Sarah",
"וַיְשַׁלְּחֵנוּ ","שׁ-ל-ח","Piel","Gen.",19,13,"Vayera",
"וַיְשַׁלְּחֶהָ ","שׁ-ל-ח","Piel","Gen.",21,14,"Vayera",
"וַיְשַׁלְּחוּ ","שׁ-ל-ח","Piel","Gen.",12,20,"Lech Lecha",
"וַיְשַׁלַּח ","שׁ-ל-ח","Piel","Gen.",8,7,"Noach",
"וַיְשַׁלַּח ","שׁ-ל-ח","Piel","Gen.",19,29,"Vayera",
"וַיְשָׁרֶת ","שׁ-ר-ת","Piel","Gen.",39,4,"Vayeshev",
"וַיִּבְחַר ","ב-ח-ר","Paal","Gen.",13,11,"Lech Lecha",
"וַיִּבְכּוּ ","ב-כ-ה","Paal","Gen.",33,4,"Vayishlach",
"וַיִּבְרַח ","ב-ר-ח","Paal","Gen.",31,21,"Vayetze",
"וַיִּבֶז ","ב-ז-ה","Paal","Gen.",25,34,"Toledot",
"וַיִּגְבְּרוּ ","ג-ב-ר","Paal","Gen.",7,18,"Noach",
"וַיִּגְדְּלוּ ","ג-ד-ל","Paal","Gen.",25,27,"Toledot",
"וַיִּגְדַּל ","ג-ד-ל","Paal","Gen.",21,8,"Vayera",
"וַיִּגְדָּל ","ג-ד-ל","Paal","Gen.",21,20,"Vayera",
"וַיִּגְוַע ","ג-ו-ע","Paal","Gen.",7,21,"Noach",
"וַיִּגְנֹב ","ג-נ-ב","Paal","Gen.",31,20,"Vayetze",
"וַיִּגְעַר ","ג-ע-ר","Paal","Gen.",37,10,"Vayeshev",
"וַיִּגְּשׁוּ ","נ-ג-שׁ","Paal","Gen.",19,9,"Vayera",
"וַיִּגַּע ","נ-ג-ע","Paal","Gen.",32,26,"Vayishlach",
"וַיִּגַּשׁ ","נ-ג-שׁ","Paal","Gen.",18,23,"Vayera",
"וַיִּגָּמַל ","ג-מ-ל","Nifal","Gen.",21,8,"Vayera",
"וַיִּדַּר ","נ-ד-ר","Paal","Gen.",28,20,"Vayetze",
"וַיִּוָּלְדוּ ","י-ל-ד","Nifal","Gen.",10,1,"Noach",
"וַיִּוָּתֵר ","י-ת-ר","Nifal","Gen.",32,25,"Vayishlach",
"וַיִּזְבַּח ","ז-ב-ח","Paal","Gen.",31,54,"Vayetze",
"וַיִּזְכֹּר ","ז-כ-ר","Paal","Gen.",8,1,"Noach",
"וַיִּזְרַח ","ז-ר-ח","Paal","Gen.",32,32,"Vayishlach",
"וַיִּזְרַע ","ז-ר-ע","Paal","Gen.",26,12,"Toledot",
"וַיִּחַן ","ח-נ-ה","Paal","Gen.",26,17,"Toledot",
"וַיִּטְבְּלוּ ","ט-ב-ל","Paal","Gen.",37,31,"Vayeshev",
"וַיִּטְמֹן ","ט-מ-ן","Paal","Gen.",35,4,"Vayishlach",
"וַיִּיָּחֶל ","י-ח-ל","Nifal","Gen.",8,12,"Noach",
"וַיִּיטְבוּ ","י-ט-ב","Paal","Gen.",34,18,"Vayishlach",
"וַיִּיקֶץ ","י-ק-ץ","Paal","Gen.",9,24,"Noach",
"וַיִּיקַץ ","י-ק-ץ","Paal","Gen.",28,16,"Vayetze",
"וַיִּירְאוּ ","י-ר-א","Paal","Gen.",20,8,"Vayera",
"וַיִּירָא ","י-ר-א","Paal","Gen.",28,17,"Vayetze",
"וַיִּכְלוּ ","כ-ל-ה","Paal","Gen.",21,15,"Vayera",
"וַיִּכְרְתוּ ","כ-ר-ת","Paal","Gen.",21,27,"Vayera",
"וַיִּכְרוּ ","כ-ר-ה","Paal","Gen.",26,25,"Toledot",
"וַיִּכָּלֵא ","כ-ל-א","Nifal","Gen.",8,2,"Noach",
"וַיִּלְאוּ ","ל-א-ה","Paal","Gen.",19,11,"Vayera",
"וַיִּמְכְּרוּ ","מ-כ-ר","Paal","Gen.",37,28,"Vayeshev",
"וַיִּמְכֹּר ","מ-כ-ר","Paal","Gen.",25,33,"Toledot",
"וַיִּמְלְאוּ ","מ-ל-א","Paal","Gen.",25,24,"Toledot",
"וַיִּמְלֹךְ ","מ-ל-ך","Paal","Gen.",36,32,"Vayishlach",
"וַיִּמְצְאוּ ","מ-צ-א","Paal","Gen.",11,2,"Noach",
"וַיִּמְצָאֵהוּ ","מ-צ-א","Paal","Gen.",37,15,"Vayeshev",
"וַיִּמְצָאֵם ","מ-צ-א","Paal","Gen.",37,17,"Vayeshev",
"וַיִּמְצָאָהּ ","מ-צ-א","Paal","Gen.",16,7,"Lech Lecha",
"וַיִּמְצָא ","מ-צ-א","Paal","Gen.",26,12,"Toledot",
"וַיִּמְשְׁכוּ ","מ-שׁ-ך","Paal","Gen.",37,28,"Vayeshev",
"וַיִּמַח ","מ-ח-ה","Paal","Gen.",7,23,"Noach",
"וַיִּמָּחוּ ","מ-ח-ה","Nifal","Gen.",7,23,"Noach",
"וַיִּמֹּלוּ ","מ-ו-ל","Nifal","Gen.",34,24,"Vayishlach",
"וַיִּנְהַג","נ-ה-ג","Paal","Gen.",31,18,"Vayetze",
"וַיִּנָּחֵם ","נ-ח-ם","Nifal","Gen.",24,67,"Chayei Sarah",
"וַיִּסְעוּ ","נ-ס-ע","Paal","Gen.",35,16,"Vayishlach",
"וַיִּסַּע ","נ-ס-ע","Paal","Gen.",12,9,"Lech Lecha",
"וַיִּסָּכְרוּ ","ס-כ-ר","Nifal","Gen.",8,2,"Noach",
"וַיִּסָּעוּ ","נ-ס-ע","Paal","Gen.",35,5,"Vayishlach",
"וַיִּפְגְּעוּ ","פ-ג-ע","Paal","Gen.",32,2,"Vayetze",
"וַיִּפְגַּע ","פ-ג-ע","Paal","Gen.",28,11,"Vayetze",
"וַיִּפְנוּ ","פ-נ-ה","Paal","Gen.",18,22,"Vayera",
"וַיִּפְצְרוּ ","פ-צ-ר","Paal","Gen.",19,9,"Vayera",
"וַיִּפְצַר ","פ-צ-ר","Paal","Gen.",19,3,"Vayera",
"וַיִּפְקַח ","פ-ק-ח","Paal","Gen.",21,19,"Vayera",
"וַיִּפְקֹד ","פ-ק-ד","Paal","Gen.",40,4,"Vayeshev",
"וַיִּפְרֹץ ","פ-ר-ץ","Paal","Gen.",30,30,"Vayetze",
"וַיִּפְתַּח ","פ-ת-ח","Paal","Gen.",8,6,"Noach",
"וַיִּפָּרְדוּ ","פ-ר-ד","Nifal","Gen.",13,11,"Lech Lecha",
"וַיִּפֹּל ","נ-פ-ל","Paal","Gen.",17,3,"Lech Lecha",
"וַיִּצְחָק ","צ-ח-ק","Paal","Gen.",17,17,"Lech Lecha",
"וַיִּצְעַק ","צ-ע-ק","Paal","Gen.",27,34,"Toledot",
"וַיִּצֹק ","י-צ-ק","Paal","Gen.",28,8,"Vayetze",
"וַיִּקְבְּרוּ ","ק-ב-ר","Paal","Gen.",25,9,"Chayei Sarah",
"וַיִּקְנֵהוּ ","ק-נ-ה","Paal","Gen.",39,1,"Vayeshev",
"וַיִּקְצֹף ","ק-צ-ף","Paal","Gen.",40,2,"Vayeshev",
"וַיִּקְרְאוּ ","ק-ר-א","Paal","Gen.",19,5,"Vayera",
"וַיִּקְרַע ","ק-ר-ע","Paal","Gen.",37,29,"Vayeshev",
"וַיִּקֶן ","ק-נ-ה","Paal","Gen.",33,19,"Vayishlach",
"וַיִּקָּחֵם ","ל-ק-ח/י-ק-ח","Paal","Gen.",32,23,"Vayishlach",
"וַיִּקָּחֶהָ ","ל-ק-ח/י-ק-ח","Paal","Gen.",8,9,"Noach",
"וַיִּקָּחֶהָ ","ל-ק-ח/י-ק-ח","Paal","Gen.",38,2,"Vayeshev",
"וַיִּקָּחֻהוּ ","ל-ק-ח/י-ק-ח","Paal","Gen.",37,24,"Vayeshev",
"וַיִּקֹּד ","ק-ד-ד","Paal","Gen.",24,26,"Chayei Sarah",
"וַיִּרְאֶהָ ","ר-א-ה","Paal","Gen.",38,15,"Vayeshev",
"וַיִּרְבּוּ ","ר-ב-ה","Paal","Gen.",7,17,"Noach",
"וַיִּרְדְּפֵם ","ר-ד-ף","Paal","Gen.",14,15,"Lech Lecha",
"וַיִּרְדֹּף ","ר-ד-ף","Paal","Gen.",14,14,"Lech Lecha",
"וַיִּרְפָּא ","ר-פ-א","Paal","Gen.",20,17,"Vayera",
"וַיִּשְׁאֲלוּ ","שׁ-א-ל","Paal","Gen.",26,7,"Toledot",
"וַיִּשְׁאַל ","שׁ-א-ל","Paal","Gen.",32,30,"Vayishlach",
"וַיִּשְׁאָלֵהוּ ","שׁ-א-ל","Paal","Gen.",37,15,"Vayeshev",
"וַיִּשְׁחֲטוּ ","שׁ-ח-ט","Paal","Gen.",37,31,"Vayeshev",
"וַיִּשְׁכְּנוּ ","שׁ-כ-ן","Paal","Gen.",25,18,"Chayei Sarah",
"וַיִּשְׁכַּב ","שׁ-כ-ב","Paal","Gen.",28,11,"Vayetze",
"וַיִּשְׁכָּחֵהוּ ","שׁ-כ-ח","Paal","Gen.",40,22,"Vayeshev",
"וַיִּשְׁכָּר ","שׁ-כ-ר","Paal","Gen.",9,21,"Noach",
"וַיִּשְׁלְחוּ ","שׁ-ל-ח","Paal","Gen.",19,10,"Vayera",
"וַיִּשְׁלַח ","שׁ-ל-ח","Paal","Gen.",8,9,"Noach",
"וַיִּשְׁלַח ","שׁ-ל-ח","Paal","Gen.",20,2,"Vayera",
"וַיִּשְׁלָחֵהוּ ","שׁ-ל-ח","Paal","Gen.",37,14,"Vayeshev",
"וַיִּשְׁמַע ","שׁ-מ-ע","Paal","Gen.",14,14,"Lech Lecha",
"וַיִּשְׁמֹר ","שׁ-מ-ר","Paal","Gen.",26,5,"Toledot",
"וַיִּשְׁפֹּט","שׁ-פ-ט","Paal","Gen.",19,9,"Vayera",
"וַיִּשְׁקֹל ","שׁ-ק-ל","Paal","Gen.",23,16,"Chayei Sarah",
"וַיִּשְׁתַּחוּ ","שׁ-ח-ה","Hitpael","Gen.",18,2,"Vayera",
"וַיִּשְׁתּוּ ","שׁ-ת-ה","Paal","Gen.",24,54,"Chayei Sarah",
"וַיִּשַּׁק ","נ-שׁ-ק","Paal","Gen.",27,27,"Toledot",
"וַיִּשָּׁאֶר ","שׁ-א-ר","Nifal","Gen.",7,23,"Noach",
"וַיִּשָּׁבְעוּ ","שׁ-ב-ע","Nifal","Gen.",26,31,"Toledot",
"וַיִּשָּׁבַע ","שׁ-ב-ע","Nifal","Gen.",24,9,"Chayei Sarah",
"וַיִּשָּׁקֵהוּ ","נ-שׁ-ק","Paal","Gen.",33,4,"Vayishlach",
"וַיִּשְׂאוּ ","נ-שׂ-א","Paal","Gen.",7,17,"Noach",
"וַיִּשְׂטֹם ","שׂ-ט-ם","Paal","Gen.",27,41,"Toledot",
"וַיִּשְׂנְאוּ ","שׂ-נ-א","Paal","Gen.",37,4,"Vayeshev",
"וַיִּשָּׂא ","נ-שׂ-א","Paal","Gen.",13,10,"Lech Lecha",
"וַיִּתְאַבֵּל ","א-ב-ל","Hitpael","Gen.",37,34,"Vayeshev",
"וַיִּתְגַּל ","ג-ל-ה","Hitpael","Gen.",9,21,"Noach",
"וַיִּתְמַהְמָהּ ","מ-ה-מ-הּ","Hitpael","Gen.",19,16,"Vayera",
"וַיִּתְנַכְּלוּ ","נ-כ-ל","Hitpael","Gen.",37,18,"Vayeshev",
"וַיִּתְעַצְּבוּ ","ע-צ-ב","Hitpael","Gen.",34,7,"Vayishlach",
"וַיִּתְפַּלֵּל ","פ-ל-ל","Hitpael","Gen.",20,17,"Vayera",
"וַיִּתְרֹצְצוּ ","ר-ו-ץ or ר-צ-ץ","Hitpael","Gen.",25,22,"Toledot",
"וַיִּתְּנֵהוּ ","נ-ת-ן","Paal","Gen.",39,20,"Vayeshev",
"וַיִּתְּנוּ ","נ-ת-ן","Paal","Gen.",35,4,"Vayishlach",
"וַיִּתֶּן ","נ-ת-ן","Paal","Gen.",14,20,"Lech Lecha",
"וַיֵּאָבֵק ","א-ב-ק","Nifal","Gen.",32,25,"Vayishlach",
"וַיֵּאָסֶף ","א-ס-ף","Nifal","Gen.",25,8,"Chayei Sarah",
"וַיֵּבְךְּ ","ב-כ-ה","Paal","Gen.",27,38,"Toledot",
"וַיֵּחַמְנָה ","י-ח-ם or ח-מ-ה","Paal","Gen.",30,38,"Vayetze",
"וַיֵּחָלֵק ","ח-ל-ק","Nifal","Gen.",14,15,"Lech Lecha",
"וַיֵּט ","נ-ט-ה","Paal","Gen.",12,8,"Lech Lecha","Gen. 38:1 means “And he turned aside.” "
"וַיֵּלְכוּ ","ה-ל-ך/י-ל-ך","Paal","Gen.",9,23,"Noach",
"וַיֵּלֵדוּ ","י-ל-ד","Paal","Gen.",20,17,"Vayera",
"וַיֵּלֵכוּ ","ה-ל-ך/י-ל-ך","Paal","Gen.",14,11,"Lech Lecha",
"וַיֵּלֶךְ ","ה-ל-ך/י-ל-ך","Paal","Gen.",12,4,"Lech Lecha",
"וַיֵּלַךְ ","ה-ל-ך/י-ל-ך","Paal","Gen.",24,61,"Chayei Sarah",
"וַיֵּעָתֶר ","ע-ת-ר","Nifal","Gen.",25,21,"Toledot",
"וַיֵּצְאוּ ","י-צ-א","Paal","Gen.",11,31,"Noach",
"וַיֵּצֵאוּ ","י-צ-א","Paal","Gen.",34,26,"Vayishlach",
"וַיֵּצֶר ","צ-ר-ר","Paal","Gen.",32,8,"Vayishlach",
"וַיֵּרֶד ","י-ר-ד","Paal","Gen.",11,5,"Noach",
"וַיֵּרַע ","ר-ע-ע","Paal","Gen.",21,11,"Vayera",
"וַיֵּרָא ","ר-א-ה","Nifal","Gen.",12,7,"Lech Lecha",
"וַיֵּשְׁבוּ ","י-שׁ-ב","Paal","Gen.",11,3,"Noach",
"וַיֵּשְׁתְּ ","ש-ת-ה","Paal","Gen.",9,21,"Noach",
"וַיֶּאֱהַב ","א-ה-ב","Paal","Gen.",25,28,"Toledot",
"וַיֶּאֱהַל ","א-ה-ל","Paal","Gen.",13,12,"Lech Lecha",
"וַיֶּאֱהָבֶהָ","א-ה-ב","Paal","Gen.",24,67,"Chayei Sarah",
"וַיֶּאֱסֹף ","א-ס-ף","Paal","Gen.",29,22,"Vayetze",
"וַיֶּחֱמוּ ","י-ח-ם or ח-מ-ה","Paal","Gen.",30,39,"Vayetze",
"וַיֶּחֱרַד ","ח-ר-ד","Paal","Gen.",27,33,"Toledot",
"וַיֶּט ","נ-ט-ה","Paal","Gen.",26,25,"Toledot",
"וַיֶּעְתַּר ","ע-ת-ר","Paal","Gen.",25,21,"Toledot",
"וַיַּבְרֵךְ ","ב-ר-ך","Hifil","Gen.",24,11,"Chayei Sarah",
"וַיַּגִּדוּ ","נ-ג-ד","Hifil","Gen.",26,32,"Toledot",
"וַיַּגֵּד ","נ-ג-ד","Hifil","Gen.",9,22,"Noach",
"וַיַּגֶּשׁ ","נ-ג-שׁ","Hifil","Gen.",27,25,"Toledot",
"וַיַּדְבֵּק ","ד-ב-ק","Hifil","Gen.",31,23,"Vayetze",
"וַיַּהֲפֹך ","ה-פ-ך","Paal","Gen.",19,25,"Vayera",
"וַיַּהַרְגוּ ","ה-ר-ג","Paal","Gen.",34,25,"Vayishlach",
"וַיַּחְדְּלוּ ","ח-ד-ל","Paal","Gen.",11,9,"Noach",
"וַיַּחְסְרוּ ","ח-ס-ר","Paal","Gen.",8,3,"Noach",
"וַיַּחְפְּרוּ ","ח-פ-ר","Paal","Gen.",26,19,"Toledot",
"וַיַּחְפֹּר ","ח-פ-ר","Paal","Gen.",26,18,"Toledot",
"וַיַּחְשְׁבֶהָ ","ח-שׁ-ב","Paal","Gen.",15,6,"Lech Lecha",
"וַיַּחֲבֹשׁ ","ח-ב-שׁ","Paal","Gen.",22,3,"Vayera",
"וַיַּחֲזִיקוּ ","ח-ז-ק","Hifil","Gen.",19,16,"Vayera",
"וַיַּחֲלֹם ","ח-ל-ם","Paal","Gen.",28,12,"Vayetze",
"וַיַּחַלְמוּ ","ח-ל-ם","Paal","Gen.",40,5,"Vayeshev",
"וַיַּחַץ ","ח-צ-ה","Paal","Gen.",32,8,"Vayishlach",
"וַיַּכִּירָהּ ","נ-כ-ר","Hifil","Gen.",37,33,"Vayeshev",
"וַיַּכֵּם ","נ-כ-ה","Hifil","Gen.",14,15,"Lech Lecha",
"וַיַּכֵּר ","נ-כ-ר","Hifil","Gen.",38,26,"Vayeshev",
"וַיַּכּוּ ","נ-כ-ה","Hifil","Gen.",14,5,"Lech Lecha",
"וַיַּנִּחֻהוּ ","נ-ו-ח","Hifil","Gen.",19,16,"Vayera",
"וַיַּסֵּךְ ","נ-ס-ך","Hifil","Gen.",35,14,"Vayishlach",
"וַיַּעְקְבֵנִי ","ע-ק-ב","Paal","Gen.",27,36,"Toledot",
"וַיַּעְתֵּק ","ע-ת-ק","Hifil","Gen.",12,8,"Lech Lecha",
"וַיַּעֲבִרֵם ","ע-ב-ר","Hifil","Gen.",32,24,"Vayishlach",
"וַיַּעֲבֵר ","ע-ב-ר","Hifil","Gen.",8,1,"Noach",
"וַיַּעֲבֹד ","ע-ב-ד","Paal","Gen.",29,20,"Vayetze",
"וַיַּעֲבֹר ","ע-ב-ר","Paal","Gen.",12,6,"Lech Lecha",
"וַיַּעֲזֹב ","ע-ז-ב","Paal","Gen.",39,6,"Vayeshev",
"וַיַּעֲלֵהוּ ","ע-ל-ה","Hifil","Gen.",22,13,"Vayera",
"וַיַּעֲלוּ ","ע-ל-ה","Hifil","Gen.",37,28,"Vayeshev",
"וַיַּעֲנוּ ","ע-נ-ה","Paal","Gen.",23,5,"Chayei Sarah",
"וַיַּעֲקֹד ","ע-ק-ד","Paal","Gen.",22,9,"Vayera",
"וַיַּעֲרֹךְ ","ע-ר-ך","Paal","Gen.",22,9,"Vayera",
"וַיַּעַבְרוּ ","ע-ב-ר","Paal","Gen.",37,28,"Vayeshev",
"וַיַּעַל ","ע-ל-ה","Hifil","Gen.",8,20,"Noach",
"וַיַּעַן ","ע-נ-ה","Paal","Gen.",18,27,"Vayera",
"וַיַּעַרְכוּ ","ע-ר-ך","Paal","Gen.",14,8,"Lech Lecha",
"וַיַּפְקִדֵהוּ ","פ-ק-ד","Hifil","Gen.",39,4,"Vayeshev",
"וַיַּפְשִׁיטוּ ","פ-שׁ-ט","Hifil","Gen.",37,23,"Vayeshev",
"וַיַּצִּלֵהוּ ","נ-צ-ל","Hifil","Gen.",37,21,"Vayeshev",
"וַיַּצֵּב ","י-צ-ב","Hifil","Gen.",21,28,"Vayera",
"וַיַּצֵּג ","י-צ-ג","Hifil","Gen.",30,33,"Vayetze",
"וַיַּצֵּל ","נ-צ-ל","Hifil","Gen.",31,9,"Vayetze",
"וַיַּצֶּב ","י-צ-ב","Hifil","Gen.",33,20,"Vayishlach",
"וַיַּשְׁבִּעֵנִי ","שׁ-ב-ע","Hifil","Gen.",24,37,"Chayei Sarah",
"וַיַּשְׁכִּימוּ ","שׁ-כ-ם","Hifil","Gen.",26,31,"Toledot",
"וַיַּשְׁכֵּם ","שׁ-כ-ם","Hifil","Gen.",19,27,"Vayera",
"וַיַּשְׁלִכוּ ","שׁ-ל-ך","Hifil","Gen.",37,24,"Vayeshev",
"וַיַּשְׁקְ ","שׁ-ק-ה","Hifil","Gen.",29,10,"Vayetze",
"וַיַּשְׁקִפוּ ","שׁ-ק-ף","Hifil","Gen.",18,16,"Vayera",
"וַיַּשְׁקֵף ","שׁ-ק-ף","Hifil","Gen.",19,28,"Vayera",
"וַיַּשֵּׁב ","נ-שׁ-ב","Hifil","Gen.",15,11,"Lech Lecha",
"וַיַּשֵּׂג ","נ-שׂ-ג","Hifil","Gen.",31,25,"Vayetze",
"וַיָּאִיצוּ ","א-ו-ץ","Hifil","Gen.",19,15,"Vayera",
"וַיָּבִיאוּ ","ב-ו-א","Hifil","Gen.",19,10,"Vayera",
"וַיָּבֹא","ב-ו-א","Paal","Gen.",7,7,"Noach",
"וַיָּבֹאוּ ","ב-ו-א","Paal","Gen.",7,15,"Noach",
"וַיָּבֹזוּ ","ב-ז-ז","Paal","Gen.",34,27,"Vayishlach",
"וַיָּגֶל ","ג-ל-ל","Hifil","Gen.",29,10,"Vayetze",
"וַיָּגָר ","ג-ו-ר","Paal","Gen.",20,1,"Vayera",
"וַיָּזֶד ","ז-ו-ד","Hifil","Gen.",25,29,"Toledot",
"וַיָּחֶל ","ח-י-ל","Paal","Gen.",8,10,"Noach",
"וַיָּלִינוּ ","ל-ו-ן/ל-י-ן","Paal","Gen.",24,54,"Chayei Sarah",
"וַיָּלֶן ","ל-ו-ן/ל-י-ן","Paal","Gen.",28,18,"Vayetze",
"וַיָּמֶת ","מ-ו-ת","Hifil","Gen.",38,10,"Vayeshev",
"וַיָּמָל ","מ-ו-ל","Paal","Gen.",17,23,"Lech Lecha",
"וַיָּמָת ","מ-ו-ת","Paal","Gen.",11,28,"Noach",
"וַיָּנָס ","נ-ו-ס","Paal","Gen.",39,13,"Vayeshev",
"וַיָּנֻסוּ ","נ-ו-ס","Paal","Gen.",14,10,"Lech Lecha",
"וַיָּסַר ","ס-ו-ר","Hifil","Gen.",8,13,"Noach",
"וַיָּסֻרוּ ","ס-ו-ר","Paal","Gen.",19,3,"Vayera",
"וַיָּפֶץ ","פ-ו-ץ","Hifil","Gen.",11,8,"Noach",
"וַיָּקֻמוּ ","ק-ו-ם","Paal","Gen.",18,16,"Vayera",
"וַיָּרִיבוּ ","ר-י-ב","Paal","Gen.",26,20,"Toledot",
"וַיָּרֶב ","ר-י-ב","Paal","Gen.",31,36,"Vayetze",
"וַיָּרֶק ","ר-ו-ק","Hifil","Gen.",14,14,"Lech Lecha",
"וַיָּרַח ","ר-ו-ח","Hifil","Gen.",8,21,"Noach",
"וַיָּרָץ ","ר-ו-ץ","Paal","Gen.",18,2,"Vayera",
"וַיָּשֶׁב ","שׁ-ו-ב","Hifil","Gen.",14,16,"Lech Lecha",
"וַיָּשֶׁת ","שׁ-י-ת","Paal","Gen.",30,40,"Vayetze",
"וַיָּשָׁב ","שׁ-ו-ב","Paal","Gen.",22,19,"Vayera",
"וַיָּשֹׁכּוּ ","שׁ-כ-ך","Paal","Gen.",8,1,"Noach",
"וַיָּשֻׁבוּ ","שׁ-ו-ב","Paal","Gen.",8,3,"Noach",
"וַיָּשִׂימוּ ","שׂ-י-ם","Paal","Gen.",9,23,"Noach",
"וַיֹּאכְלוּ ","א-כ-ל","Paal","Gen.",26,30,"Toledot",
"וַיֹּאכֵלוּ ","א-כ-ל","Paal","Gen.",18,8,"Vayera",
"וַיֹּאמְרוּ ","א-מ-ר","Paal","Gen.",11,4,"Noach",
"וַיֹּאמַר ","א-מ-ר","Paal","Gen.",14,19,"Lech Lecha",
"וַיֹּסֶף ","י-ס-ף","Hifil","Gen.",8,10,"Noach",
"וַיֹּצִאֻהוּ ","י-צ-א","Hifil","Gen.",19,16,"Vayera",
"וַיֻּגַּד ","נ-ג-ד","Hufal","Gen.",22,20,"Vayera",
"וַיּוֹכַח ","י-כ-ח","Hifil","Gen.",31,42,"Vayetze",
"וַיּוֹסִפוּ ","י-ס-ף","Hifil","Gen.",37,5,"Vayeshev",
"וַיּוֹצֵא ","י-צ-א","Hifil","Gen.",15,5,"Lech Lecha",
"וַיּוּשָׂם ","שׂ-י-ם","Hufal","Gen.",24,33,"Chayei Sarah",
"וַנְּשַׁלֵּחֲךָ ","שׁ-ל-ח","Piel","Gen.",26,29,"Toledot",
"וַנֹּאמֶר ","א-מ-ר","Paal","Gen.",26,28,"Toledot",
"וַעֲבַדְתַּנִי ","ע-ב-ד","Paal","Gen.",29,15,"Vayetze",
"וַעֲבָדוּם ","ע-ב-ד","Paal","Gen.",15,13,"Lech Lecha",
"וַעֲשִׂי ","ע-שׂ-ה","Paal","Gen.",18,6,"Vayera",
"וַעֲשֵׂה ","ע-שׂ-ה","Paal","Gen.",24,12,"Chayei Sarah",
"וַעֲשֵׂה ","ע-שׂ-ה","Paal","Gen.",27,4,"Toledot",
"וַעֲשׂוּ ","ע-שׂ-ה","Paal","Gen.",19,8,"Vayera",
"וַתְּדַבֵּר ","ד-ב-ר","Piel","Gen.",39,17,"Vayeshev",
"וַתְּהִי ","ה-י-ה","Paal","Gen.",10,10,"Noach",
"וַתְּכַחֵשׁ ","כ-ח-שׁ","Piel","Gen.",18,15,"Vayera",
"וַתְּכַל ","כ-ל-ה","Piel","Gen.",24,19,"Chayei Sarah",
"וַתְּכַס ","כ-ס-ה","Piel","Gen.",38,14,"Vayeshev",
"וַתְּמַהֵר ","מ-ה-ר","Piel","Gen.",24,18,"Chayei Sarah",
"וַתְּמַלֵּא ","מ-ל-א","Piel","Gen.",21,19,"Vayera",
"וַתְּנַהֵג ","נ-ה-ג","Piel","Gen.",31,26,"Vayetze",
"וַתְּעַנֶּהָ ","ע-נ-ה","Piel","Gen.",16,6,"Lech Lecha",
"וַתְּעַר","ע-ר-ה","Piel","Gen.",24,20,"Chayei Sarah",
"וַתְּקַנֵּא ","ק-נ-א","Piel","Gen.",30,1,"Vayetze",
"וַתְּקַשׁ ","ק-שׁ-ה","Piel","Gen.",35,16,"Vayishlach",
"וַתְּשַׁלְּחוּנִי ","שׁ-ל-ח","Piel","Gen.",26,27,"Toledot",
"וַתְּשִׂמֵם ","שׂ-י-ם","Paal","Gen.",31,34,"Vayetze",
"וַתִּבְרַח ","ב-ר-ח","Paal","Gen.",16,6,"Lech Lecha",
"וַתִּגְנֹב ","ג-נ-ב","Paal","Gen.",31,19,"Vayetze",
"וַתִּגַּשְׁןָ ","נ-ג-שׁ","Paal","Gen.",33,6,"Vayishlach",
"וַתִּגַּשׁ ","נ-ג-שׁ","Paal","Gen.",33,7,"Vayishlach",
"וַתִּדְבַּק ","ד-ב-ק","Paal","Gen.",34,3,"Vayishlach",
"וַתִּדַּד ","נ-ד-ד","Paal","Gen.",31,40,"Vayetze",
"וַתִּהְיֶיןָ ","ה-י-ה","Paal","Gen.",26,35,"Toledot",
"וַתִּכְהֶיןָ ","כ-ה-ה","Paal","Gen.",27,1,"Toledot",
"וַתִּלְבַּשׁ ","ל-ב-שׁ","Paal","Gen.",38,19,"Vayeshev",
"וַתִּמָּלֵא ","מ-ל-א","Nifal","Gen.",6,11,"Noach",
"וַתִּנָּצֵל ","נ-צ-ל","Nifal","Gen.",32,31,"Vayishlach",
"וַתִּפֹּל ","נ-פ-ל","Paal","Gen.",24,64,"Chayei Sarah",
"וַתִּצְחַק ","צ-ח-ק","Paal","Gen.",18,12,"Vayera",
"וַתִּקְשֹׁר ","ק-שׁ-ר","Paal","Gen.",38,28,"Vayeshev",
"וַתִּקָּבֵר ","ק-ב-ר","Nifal","Gen.",35,19,"Vayishlach",
"וַתִּרְכַּבְנָה ","ר-כ-ב","Paal","Gen.",24,61,"Chayei Sarah",
"וַתִּרְצֵנִי ","ר-צ-ה","Paal","Gen.",33,11,"Vayishlach",
"וַתִּשְׁאַב  ","שׁ-א-ב","Paal","Gen.",24,20,"Chayei Sarah",
"וַתִּשְׁכַּב ","שׁ-כ-ב","Paal","Gen.",19,23,"Vayera",
"וַתִּשְׁלַח ","שׁ-ל-ח","Paal","Gen.",27,42,"Toledot",
"וַתִּשְׁתַּחֲוֶיןָ ","שׁ-ח-ה","Hitpael","Gen.",33,6,"Vayishlach",
"וַתִּשָּׁחֵת ","שׁ-ח-ת","Nifal","Gen.",6,11,"Noach",
"וַתִּשָּׂא ","נ-שׂ-א","Paal","Gen.",21,16,"Vayera",
"וַתִּתְכָּס ","כ-ס-ה","Hitpael","Gen.",24,65,"Chayei Sarah",
"וַתִּתְעַלָּף ","ע-ל-ף","Hitpael","Gen.",38,14,"Vayeshev",
"וַתִּתְפְּשֵׂהוּ ","ת-פ-שׂ","Paal","Gen.",39,12,"Vayeshev",
"וַתֵּבְךְּ ","ב-כ-ה","Paal","Gen.",21,16,"Vayera",
"וַתֵּלֶךְ ","ה-ל-ך/י-ל-ך","Paal","Gen.",7,18,"Noach",
"וַתֵּלַדְןָ ","י-ל-ד","Paal","Gen.",30,39,"Vayetze",
"וַתֵּלַכְנָה ","ה-ל-ך/י-ל-ך","Paal","Gen.",24,61,"Chayei Sarah",
"וַתֵּצֵא ","י-צ-א","Paal","Gen.",30,16,"Vayetze",
"וַתֵּקַל ","ק-ל-ל","Paal","Gen.",16,4,"Lech Lecha",
"וַתֵּקַע ","י-ק-ע","Paal","Gen.",32,26,"Vayishlach",
"וַתֵּרֶד ","י-ר-ד","Paal","Gen.",24,16,"Chayei Sarah",
"וַתֵּשֶׁב ","י-שׁ-ב","Paal","Gen.",21,16,"Vayera",
"וַתֵּתַע ","ת-ע-ה","Paal","Gen.",21,14,"Vayera",
"וַתַּבֵּט ","נ-ב-ט","Hifil","Gen.",19,26,"Vayera",
"וַתַּגְדֵּל ","ג-ד-ל","Hifil","Gen.",19,19,"Vayera",
"וַתַּגֵּד ","נ-ג-ד","Hifil","Gen.",24,28,"Chayei Sarah",
"וַתַּגֵּד ","נ-ג-ד","Hifil","Gen.",29,12,"Vayetze",
"וַתַּהֲרֶיןָ ","ה-ר-ה","Paal","Gen.",19,36,"Vayera",
"וַתַּחֲלֵף ","ח-ל-ף","Hifil","Gen.",31,41,"Vayetze",
"וַתַּלְבֵּשׁ ","ל-ב-שׁ","Hifil","Gen.",27,15,"Toledot",
"וַתַּנַּח ","נ-ו-ח","Hifil","Gen.",39,16,"Vayeshev",
"וַתַּעֲבֹר ","ע-ב-ר","Paal","Gen.",32,22,"Vayishlach",
"וַתַּעֲמֹד ","ע-מ-ד","Paal","Gen.",29,35,"Vayetze",
"וַתַּעַן ","ע-נ-ה","Paal","Gen.",31,14,"Vayetze",
"וַתַּעַשׂ ","ע-שׂ-ה","Paal","Gen.",27,14,"Toledot",
"וַתַּשְׁלֵךְ ","שׁ-ל-ך","Hifil","Gen.",21,15,"Vayera",
"וַתַּשְׁקְ ","שׁ-ק-ה","Hifil","Gen.",21,19,"Vayera",
"וַתַּשְׁקֵהוּ ","שׁ-ק-ה","Hifil","Gen.",24,18,"Chayei Sarah",
"וַתַּשְׁקֶיןָ ","שׁ-ק-ה","Hifil","Gen.",19,33,"Vayera",
"וַתָּבֹא ","ב-ו-א","Paal","Gen.",8,11,"Noach",
"וַתָּמָת ","מ-ו-ת","Paal","Gen.",23,1,"Chayei Sarah",
"וַתָּנַח ","נ-ו-ח","Paal","Gen.",8,4,"Noach",
"וַתָּסַר ","ס-ו-ר","Hifil","Gen.",38,14,"Vayeshev",
"וַתָּעַל ","ע-ל-ה","Paal","Gen.",24,16,"Chayei Sarah",
"וַתָּקָם ","ק-ו-ם","Paal","Gen.",19,35,"Vayera",
"וַתָּרָם ","ר-ו-ם","Paal","Gen.",7,17,"Noach",
"וַתָּרָץ ","ר-ו-ץ","Paal","Gen.",24,20,"Chayei Sarah",
"וַתָּשָׁב ","שׁ-ו-ב","Paal","Gen.",8,9,"Noach",
"וַתֹּאמַרְנָה ","א-מ-ר","Paal","Gen.",31,14,"Vayetze",
"וַתֹּרֶד ","י-ר-ד","Hifil","Gen.",24,18,"Chayei Sarah",
"וַתֻּקַּח ","ל-ק-ח/י-ק-ח","Hufal","Gen.",12,15,"Lech Lecha",
"וַתּוּכָל ","י-כ-ל","Paal","Gen.",32,29,"Vayishlach",
"וָאֲבָרְכֵהוּ ","ב-ר-ך","Piel","Gen.",27,33,"Toledot",
"וָאֲבָרֵךְ ","ב-ר-ך","Piel","Gen.",24,48,"Chayei Sarah",
"וָאֲשַׁלֵּחֲךָ ","שׁ-ל-ח","Piel","Gen.",31,27,"Vayetze",
"וָאֵחַר ","א-ח-ר","Piel","Gen.",32,5,"Vayishlach",
"וָאֵקַל ","ק-ל-ל","Paal","Gen.",16,5,"Lech Lecha",
"וָאֵרֶא ","ר-א-ה","Paal","Gen.",31,10,"Vayetze",
"וָאֵשְׁתְּ ","שׁ-ת-ה","Paal","Gen.",24,46,"Chayei Sarah",
"וָאֶחְשֹׂךְ ","ח-שׂ-ך","Paal","Gen.",20,6,"Vayera",
"וָאֶקְרָא ","ק-ר-א","Paal","Gen.",37,14,"Vayeshev",
"וָאֶקַּח ","ל-ק-ח/י-ק-ח","Paal","Gen.",12,19,"Lech Lecha",
"וָאֶקֹּד ","ק-ד-ד","Paal","Gen.",24,28,"Chayei Sarah",
"וָאֶשְׁאַל ","שׁ-א-ל","Paal","Gen.",24,47,"Chayei Sarah",
"וָאֶשְׁלְחָה ","שׁ-ל-ח","Paal","Gen.",32,6,"Vayishlach",
"וָאֶשְׁתַּחֲוֶה ","שׁ-ח-ה","Hitpael","Gen.",24,48,"Chayei Sarah",
"וָאֶשְׂחַט ","שׂ-ח-ט","Paal","Gen.",40,11,"Vayeshev",
"וָאֶשָּׂא ","נ-שׂ-א","Paal","Gen.",31,10,"Vayetze",
"וָאֶתֵּן ","נ-ת-ן","Paal","Gen.",40,11,"Vayeshev",
"וָאָבֹא ","ב-ו-א","Paal","Gen.",24,42,"Chayei Sarah",
"וָאָשִׂם ","שׂ-י-ם","Paal","Gen.",24,47,"Chayei Sarah",
"וָאֹמַר ","א-מ-ר","Paal","Gen.",20,13,"Vayera",
"וָלֵךְ ","ה-ל-ך/י-ל-ך","Paal","Gen.",12,19,"Lech Lecha",
"וָמֵתוּ ","מ-ו-ת","Paal","Gen.",33,13,"Vayishlach",
"וָמַתִּי ","מ-ו-ת","Paal","Gen.",19,19,"Vayera",
"וָשׁוֹב ","שׁ-ו-ב","Paal","Gen.",8,3,"Noach",
"וּבְהַעֲטִיף ","ע-ט-ף","Hifil","Gen.",30,42,"Vayetze",
"וּבְקוּמָהּ ","ק-ו-ם","Paal","Gen.",19,33,"Vayera",
"וּבֵרַכְתִּי ","ב-ר-ך","Piel","Gen.",17,16,"Lech Lecha",
"וּבֵרַכְתִּיהָ ","ב-ר-ך","Piel","Gen.",17,16,"Lech Lecha",
"וּבֵרַכְתִּיךָ ","ב-ר-ך","Piel","Gen.",26,24,"Toledot",
"וּבָאתָ ","ב-ו-א","Paal","Gen.",6,18,"Noach",
"וּבֹאִי ","ב-ו-א","Paal","Gen.",19,34,"Vayera",
"וּדְפָקוּם ","ד-פ-ק","Paal","Gen.",33,13,"Vayishlach",
"וּכְשָׁמְעוֹ ","שׁ-מ-ע","Paal","Gen.",24,30,"Chayei Sarah",
"וּלְכוּ ","ה-ל-ך/י-ל-ך","Paal","Gen.",29,7,"Vayetze",
"וּלְקַחְתִּיךָ ","ל-ק-ח/י-ק-ח","Paal","Gen.",27,45,"Toledot",
"וּמָחִיתִי ","מ-ח-ה","Paal","Gen.",7,4,"Noach",
"וּנְחַיֶּה ","ח-י-ה","Piel","Gen.",19,22,"Vayera",
"וּנְמַלְתֶּם ","נ-מ-ל","Paal","Gen.",17,11,"Lech Lecha",
"וּנְתַתִּיו ","נ-ת-ן","Paal","Gen.",17,20,"Lech Lecha",
"וּנְתַתִּיךָ ","נ-ת-ן","Paal","Gen.",17,6,"Lech Lecha",
"וּסְחָרוּהָ ","ס-ח-ר","Paal","Gen.",34,10,"Vayishlach",
"וּסְפֹר ","ס-פ-ר","Paal","Gen.",15,5,"Lech Lecha",
"וּפִגְעוּ ","פ-ג-ע","Paal","Gen.",23,8,"Chayei Sarah",
"וּפָרִינוּ ","פ-ר-ה","Paal","Gen.",26,23,"Toledot",
"וּפָרַצְתָּ ","פ-ר-ץ","Paal","Gen.",28,14,"Vayetze",
"וּפָרַקְתָּ ","פ-ר-ק","Paal","Gen.",27,40,"Toledot",
"וּפָרוּ ","פ-ר-ה","Paal","Gen.",8,17,"Noach",
"וּרְאִיתִיהָ ","ר-א-ה","Paal","Gen.",9,16,"Noach",
"וּרְאֵה ","ר-א-ה","Paal","Gen.",13,14,"Lech Lecha",
"וּרְבֵה ","ר-ב-ה","Paal","Gen.",35,11,"Vayishlach",
"וּשְׁאֵלְךָ ","שׁ-א-ל","Paal","Gen.",32,18,"Vayishlach",
"וּשְׁמַרְתִּיךָ ","שׁ-מ-ר","Paal","Gen.",28,15,"Vayetze",
"וּשְׁמָרַנִי ","שׁ-מ-ר","Paal","Gen.",28,20,"Vayetze",
"וּשְׁקָה ","נ-שׁ-ק","Paal","Gen.",27,26,"Toledot",
"וּתְהִי ","ה-י-ה","Paal","Gen.",24,51,"Chayei Sarah",
"וּתְחִי ","ח-י-ה","Paal","Gen.",19,20,"Vayera",
"וּתְנוּ ","נ-ת-ן","Paal","Gen.",34,12,"Vayishlach",
"זְבָדַנִי ","ז-ב-ד","Paal","Gen.",30,20,"Vayetze",
"זְכַרְתַּנִי ","ז-כ-ר","Paal","Gen.",40,14,"Vayeshev",
"זָכַר ","ז-כ-ר","Paal","Gen.",40,23,"Vayeshev",
"זָנְתָה ","ז-נ-ה","Paal","Gen.",38,24,"Vayeshev",
"זָקֵן ","ז-ק-ן","Paal","Gen.",27,1,"Toledot",
"זָקַנְתִּי ","ז-ק-ן","Paal","Gen.",18,13,"Vayera",
"חַי ","ח-י-ה","Paal","Gen.",9,3,"Noach",
"חַנַּנִי ","ח-נ-ן","Paal","Gen.",33,11,"Vayishlach",
"חָבְרוּ ","ח-ב-ר","Paal","Gen.",14,3,"Lech Lecha",
"חָדַל ","ח-ד-ל","Paal","Gen.",18,11,"Vayera",
"חָטְאוּ ","ח-ט-א","Paal","Gen.",40,1,"Vayeshev",
"חָטָאתִי ","ח-ט-א","Paal","Gen.",20,9,"Vayera",
"חָי ","ח-י-ה","Paal","Gen.",25,7,"Chayei Sarah",
"חָלַמְנוּ ","ח-ל-ם","Paal","Gen.",40,8,"Vayeshev",
"חָלַמְתִּי ","ח-ל-ם","Paal","Gen.",37,9,"Vayeshev",
"חָלָמְתִּי ","ח-ל-ם","Paal","Gen.",37,6,"Vayeshev",
"חָלָמְתָּ ","ח-ל-ם","Paal","Gen.",37,10,"Vayeshev",
"חָנַן ","ח-נ-ן","Paal","Gen.",35,5,"Vayishlach",
"חָפְרוּ ","ח-פ-ר","Paal","Gen.",26,15,"Toledot",
"חָפֵץ ","ח-פ-ץ","Paal","Gen.",34,19,"Vayishlach",
"חָפַרְתִּי ","ח-פ-ר","Paal","Gen.",21,30,"Vayera",
"חָפָרוּ ","ח-פ-ר","Paal","Gen.",26,32,"Toledot",
"חָרְבוּ ","ח-ר-ב","Paal","Gen.",8,13,"Noach",
"חָשְׁקָה ","ח-שׁ-ק","Paal","Gen.",34,8,"Vayishlach",
"חָשַׂךְ ","ח-שׂ-ך","Paal","Gen.",39,9,"Vayeshev",
"חָשַׂכְתָּ ","ח-שׂ-ך","Paal","Gen.",22,12,"Vayera",
"טִמְּאוּ ","ט-מ-א","Piel","Gen.",34,27,"Vayishlach",
"טִמֵּא ","ט-מ-א","Piel","Gen.",34,5,"Vayishlach",
"טָרֹף ","ט-ר-ף","Paal","Gen.",37,33,"Vayeshev",
"טֹרַף ","ט-ר-ף","Pual","Gen.",37,33,"Vayeshev",
"יְבָרֵךְ ","ב-ר-ך","Piel","Gen.",28,3,"Toledot",
"יְבָרֶכְךָ ","ב-ר-ך","Piel","Gen.",27,10,"Toledot",
"יְדַעְתִּיו ","י-ד-ע","Paal","Gen.",18,19,"Vayera",
"יְדַעְתֶּן ","י-ד-ע","Paal","Gen.",30,6,"Vayetze",
"יְדָעָהּ ","י-ד-ע","Paal","Gen.",24,16,"Chayei Sarah",
"יְחַיּוּ ","ח-י-ה","Piel","Gen.",12,12,"Lech Lecha",
"יְמֻשֵּׁנִי ","מ-ו-שׁ/מ-שׁ-שׁ","Paal","Gen.",27,12,"Toledot",
"יְצַוֶּה ","צ-ו-ה","Piel","Gen.",18,19,"Vayera",
"יִבָּצֵר ","ב-צ-ר","Nifal","Gen.",11,6,"Noach",
"יִגְדַּל ","ג-ד-ל","Paal","Gen.",38,11,"Vayeshev",
"יִגְוָע ","ג-ו-ע","Paal","Gen.",6,17,"Noach",
"יִהְיֶה ","ה-י-ה","Paal","Gen.",18,18,"Vayera",
"יִהְיוּ ","ה-י-ה","Paal","Gen.",6,19,"Noach",
"יִוָּלֵד ","י-ל-ד","Nifal","Gen.",17,17,"Lech Lecha",
"יִזְבְּלֵנִי ","ז-ב-ל","Paal","Gen.",30,20,"Vayetze",
"יִחְיֶה ","ח-י-ה","Paal","Gen.",17,18,"Lech Lecha",
"יִחַר ","ח-ר-ה","Paal","Gen.",18,30,"Vayera",
"יִיטַב ","י-ט-ב","Paal","Gen.",12,13,"Lech Lecha",
"יִירַשׁ ","י-ר-שׁ","Paal","Gen.",21,10,"Vayera",
"יִירָשְׁךָ ","י-ר-שׁ","Paal","Gen.",15,4,"Lech Lecha",
"יִירָשֶׁךָ ","י-ר-שׁ","Paal","Gen.",15,4,"Lech Lecha",
"יִכְלֶה ","כ-ל-ה","Paal","Gen.",23,6,"Chayei Sarah",
"יִכָּרֵת ","כ-ר-ת","Nifal","Gen.",9,11,"Noach",
"יִלָּוֶה ","ל-ו-ה","Nifal","Gen.",29,34,"Vayetze",
"יִמָּנֶה ","מ-נ-ה","Nifal","Gen.",13,15,"Lech Lecha",
"יִמָּצְאוּן ","מ-צ-א","Nifal","Gen.",18,29,"Vayera",
"יִמּוֹל ","מ-ו-ל","Nifal","Gen.",17,12,"Lech Lecha",
"יִמּוֹל ","מ-ו-ל","Nifal","Gen.",17,13,"Lech Lecha",
"יִסָּפֵר ","ס-פ-ר","Nifal","Gen.",16,10,"Lech Lecha",
"יִפְגָשְׁךָ","פ-ג-שׁ","Paal","Gen.",32,18,"Vayishlach",
"יִפָּרֵדוּ ","פ-ר-ד","Nifal","Gen.",25,23,"Toledot",
"יִצֲחַק ","צ-ח-ק","Paal","Gen.",21,6,"Vayera",
"יִצֶף ","צ-פ-ה","Paal","Gen.",31,49,"Vayetze",
"יִקְחוּ ","ל-ק-ח/י-ק-ח","Paal","Gen.",14,24,"Lech Lecha",
"יִקְרְבוּ ","ק-ר-ב","Paal","Gen.",27,41,"Toledot",
"יִקְרַב ","ק-ר-ב","Paal","Gen.",37,18,"Vayeshev",
"יִרְאֶה ","ר-א-ה","Paal","Gen.",22,8,"Vayera",
"יִרְאוּ ","ר-א-ה","Paal","Gen.",12,12,"Lech Lecha",
"יִשְׁבֹּתוּ ","שׁ-ב-ת","Paal","Gen.",8,22,"Noach",
"יִשְׁכַּב ","שׁ-כ-ב","Paal","Gen.",30,15,"Vayetze",
"יִשְׁכָּבוּ ","שׁ-כ-ב","Paal","Gen.",19,4,"Vayera",
"יִשְׁכֹּן ","שׁ-כ-ן","Paal","Gen.",16,12,"Lech Lecha",
"יִשְׁמְעוּ ","שׁ-מ-ע","Paal","Gen.",11,7,"Noach",
"יִשְׁפְּטוּ ","שׁ-פ-ט","Paal","Gen.",31,15,"Vayetze",
"יִשְׁפֹּט ","שׁ-פ-ט","Paal","Gen.",16,5,"Lech Lecha",
"יִשָּׁפֵךְ ","שׁ-פ-ך","Nifal","Gen.",9,6,"Noach",
"יִשָּׂא ","נ-שׂ-א","Paal","Gen.",32,21,"Vayishlach",
"יִתְּנֶנָּה ","נ-ת-ן","Paal","Gen.",23,9,"Chayei Sarah",
"יִתְּנוּ ","נ-ת-ן","Paal","Gen.",24,41,"Chayei Sarah",
"יֵאָכֵל ","א-כ-ל","Nifal","Gen.",6,21,"Noach",
"יֵאָמֵר ","א-מ-ר","Paal","Gen.",22,14,"Vayera",
"יֵאָמַר ","א-מ-ר","Nifal","Gen.",10,9,"Noach",
"יֵאָסְפוּ ","א-ס-ף","Nifal","Gen.",29,8,"Vayetze",
"יֵאֹתוּ ","א-ו-ת","Nifal","Gen.",34,22,"Vayishlach",
"יֵעָשׁוּ ","ע-שׂ-ה","Nifal","Gen.",20,9,"Vayera",
"יֵעָשֶׂה ","ע-שׂ-ה","Nifal","Gen.",29,26,"Vayetze",
"יֵצְאוּ ","י-צ-א","Paal","Gen.",15,14,"Lech Lecha",
"יֵצֵא ","י-צ-א","Paal","Gen.",15,4,"Lech Lecha",
"יֵצֵאוּ ","י-צ-א","Paal","Gen.",35,11,"Vayishlach",
"יֵרַע ","ר-ע-ע","Paal","Gen.",21,12,"Vayera",
"יֵרָאֶה ","ר-א-ה","Nifal","Gen.",22,14,"Vayera",
"יֶאֱהָבַנִי ","א-ה-ב","Paal","Gen.",29,33,"Vayetze",
"יֶאֱמָץ ","א-מ-ץ","Paal","Gen.",25,23,"Toledot",
"יַהַרְגֻנִי ","ה-ר-ג","Paal","Gen.",26,7,"Toledot",
"יַחְסְרוּן ","ח-ס-ר","Paal","Gen.",18,28,"Vayera",
"יַחֵם ","י-ח-ם","Piel","Gen.",30,41,"Vayetze",
"יַעֲבָר ","ע-ב-ר","Paal","Gen.",33,14,"Vayishlach",
"יַעֲבֹד ","ע-ב-ד","Paal","Gen.",25,23,"Toledot",
"יַעֲבֹדוּ ","ע-ב-ד","Paal","Gen.",15,14,"Lech Lecha",
"יַעֲשֶׂה ","ע-שׂ-ה","Paal","Gen.",18,25,"Vayera",
"יַעַבְדוּךָ ","ע-ב-ד","Paal","Gen.",27,29,"Toledot",
"יַפְתְּ ","פ-ת-ה","Hifil","Gen.",9,27,"Noach",
"יַשְׁקוּ ","שׁ-ק-ה","Hifil","Gen.",29,2,"Vayetze",
"יָבְשָׁה ","י-ב-שׁ","Paal","Gen.",8,14,"Noach",
"יָבוֹא ","ב-ו-א","Paal","Gen.",32,9,"Vayishlach",
"יָדְעוּ ","י-ד-ע","Paal","Gen.",19,8,"Vayera",
"יָדַעְתָּ ","י-ד-ע","Paal","Gen.",30,26,"Vayetze",
"יָדָעְנוּ ","י-ד-ע","Paal","Gen.",29,5,"Vayetze",
"יָדֹעַ ","י-ד-ע","Paal","Gen.",15,3,"Lech Lecha",
"יָזְמוּ ","י-ז-ם","Paal","Gen.",11,6,"Noach",
"יָכְלָה ","י-כ-ל","Paal","Gen.",36,7,"Vayishlach",
"יָכְלוּ","י-כ-ל","Paal","Gen.",13,6,"Lech Lecha",
"יָכֹלְתִּי ","י-כ-ל","Paal","Gen.",30,9,"Vayetze",
"יָכֹל ","י-כ-ל","Paal","Gen.",32,26,"Vayishlach",
"יָלְדָה ","י-ל-ד","Paal","Gen.",24,24,"Chayei Sarah",
"יָלַדְתִּי ","י-ל-ד","Paal","Gen.",21,7,"Vayera",
"יָלַדְתִּי ","י-ל-ד","Paal","Gen.",30,20,"Vayetze",
"יָלָדוּ ","י-ל-ד","Paal","Gen.",31,43,"Vayetze",
"יָמוּת ","מ-ו-ת","Paal","Gen.",38,11,"Vayeshev",
"יָסְפָה ","י-ס-ף","Paal","Gen.",8,12,"Noach",
"יָסַף ","י-ס-ף","Paal","Gen.",38,26,"Vayeshev",
"יָצְאוּ ","י-צ-א","Paal","Gen.",8,19,"Noach",
"יָצָא ","י-צ-א","Paal","Gen.",10,11,"Noach",
"יָצָא ","י-צ-א","Paal","Gen.",27,30,"Toledot",
"יָצָאתָ ","י-צ-א","Paal","Gen.",24,5,"Chayei Sarah",
"יָצֹא ","י-צ-א","Paal","Gen.",27,30,"Toledot",
"יָצוֹא ","י-צ-א","Paal","Gen.",8,7,"Noach",
"יָקֻם ","ק-ו-ם","Paal","Gen.",27,31,"Toledot",
"יָרִיתִי ","י-ר-ה","Paal","Gen.",31,51,"Vayetze",
"יָרֵאָה ","י-ר-א","Paal","Gen.",18,15,"Vayera",
"יָרֵא ","י-ר-א","Paal","Gen.",19,30,"Vayera",
"יָרֵאתִי ","י-ר-א","Paal","Gen.",31,31,"Vayetze",
"יָשַׁב ","י-שׁ-ב","Paal","Gen.",13,12,"Lech Lecha",
"יָשׁוּבוּ ","שׁ-ו-ב","Paal","Gen.",15,16,"Lech Lecha",
"יָשִׂים ","שׂ-י-ם","Paal","Gen.",30,42,"Vayetze",
"יֹאכְלוּ ","א-כ-ל","Paal","Gen.",32,33,"Vayishlach",
"יֹלֶדֶת ","י-ל-ד","Paal","Gen.",17,19,"Lech Lecha",
"יֹסֵף ","י-ס-ף","Hifil","Gen.",30,24,"Vayetze",
"יֹצְאֹת ","י-צ-א","Paal","Gen.",24,13,"Chayei Sarah",
"יֹצֵאת ","י-צ-א","Paal","Gen.",24,15,"Chayei Sarah",
"יֻלְּדָה ","י-ל-ד","Pual","Gen.",24,15,"Chayei Sarah",
"יֻקַּח ","ל-ק-ח/י-ק-ח","Hufal","Gen.",18,4,"Vayera",
"יִּהְיוּ ","ה-י-ה","Paal","Gen.",37,20,"Vayeshev",
"יוֹלִיד ","י-ל-ד","Hifil","Gen.",17,21,"Lech Lecha",
"יוֹרֵשׁ ","י-ר-שׁ","Paal","Gen.",15,3,"Lech Lecha",
"יוּכַל ","י-כ-ל","Paal","Gen.",13,16,"Lech Lecha",
"יוּמָת ","מ-ו-ת","Hufal","Gen.",26,11,"Toledot",
"כְהוֹצִיאָם ","י-צ-א","Hifil","Gen.",19,17,"Vayera",
"כְפֹרַחַת ","פ-ר-ח","Paal","Gen.",40,10,"Vayeshev",
"כְשָׁמְעוֹ ","שׁ-מ-ע","Paal","Gen.",39,15,"Vayeshev",
"כִסְּתָה ","כ-ס-ה","Piel","Gen.",38,15,"Vayeshev",
"כִשְׁמֹעַ ","שׁ-מ-ע","Paal","Gen.",29,13,"Vayetze",
"כָבְדָה ","כ-ב-ד","Paal","Gen.",18,20,"Vayera",
"כְּבוֹא ","ב-ו-א","Paal","Gen.",12,14,"Lech Lecha",
"כְּדַבְּרָהּ ","ד-ב-ר","Piel","Gen.",39,10,"Vayeshev",
"כְּמֵשִׁיב ","שׁ-ו-ב","Hifil","Gen.",38,29,"Vayeshev",
"כְּשָׁמְעָם ","שׁ-מ-ע","Paal","Gen.",34,7,"Vayishlach",
"כִּלָּה ","כ-ל-ה","Piel","Gen.",18,33,"Vayera",
"כִּלּוּ ","כ-ל-ה","Piel","Gen.",24,19,"Chayei Sarah",
"כִּרְאֹת ","ר-א-ה","Paal","Gen.",24,30,"Chayei Sarah",
"כִּשְׁמֹעַ ","שׁ-מ-ע","Paal","Gen.",27,34,"Toledot",
"כַּהֲרִימִי ","ר-ו-ם","Hifil","Gen.",39,18,"Vayeshev",
"כָּרַת ","כ-ר-ת","Paal","Gen.",15,18,"Lech Lecha",
"לְבָרֵךְ ","ב-ר-ך","Piel","Gen.",27,30,"Toledot",
"לְדַבֵּר ","ד-ב-ר","Piel","Gen.",17,22,"Lech Lecha",
"לְדַעְתָּהּ ","י-ד-ע","Paal","Gen.",38,26,"Vayeshev",
"לְהֲשִׁיבוֹ ","שׁ-ו-ב","Hifil","Gen.",37,22,"Vayeshev",
"לְהִמָּלֵט ","מ-ל-ט","Nifal","Gen.",19,19,"Vayera",
"לְהִמֹּל ","מ-ו-ל","Nifal","Gen.",34,15,"Vayishlach",
"לְהִשְׁתַּחֲוֹת ","שׁ-ח-ה","Hitpael","Gen.",37,10,"Vayeshev",
"לְהִתְנַחֵם ","נ-ח-ם","Hitpael","Gen.",37,35,"Vayeshev",
"לְהַבְאִישֵׁנִי ","ב-א-שׁ","Hifil","Gen.",34,30,"Vayishlach",
"לְהַגִּיד ","נ-ג-ד","Hifil","Gen.",32,6,"Vayishlach",
"לְהַחֲיוֹת ","ח-י-ה","Hifil","Gen.",6,19,"Noach",
"לְהַכּוֹת ","נ-כ-ה","Hifil","Gen.",8,21,"Noach",
"לְהַשְׁקֹתוֹ ","שׁ-ק-ה","Hifil","Gen.",24,19,"Chayei Sarah",
"לְהָבִיא ","ב-ו-א","Hifil","Gen.",27,5,"Toledot",
"לְהָמִית ","מ-ו-ת","Hifil","Gen.",18,25,"Vayera",
"לְהָרְגֶךָ ","ה-ר-ג","Paal","Gen.",27,42,"Toledot",
"לְהָרַע ","ר-ע-ע","Hifil","Gen.",31,17,"Vayetze",
"לְהוֹרִיד ","י-ר-ד","Hifil","Gen.",37,25,"Vayeshev",
"לְחַיּוֹת ","ח-י-ה","Piel","Gen.",7,3,"Noach",
"לְיַחְמֵנָּה ","י-ח-ם","Piel","Gen.",30,41,"Vayetze",
"לְכָה ","ה-ל-ך/י-ל-ך","Paal","Gen.",19,32,"Vayera",
"לְכוּ ","ה-ל-ך/י-ל-ך","Paal","Gen.",37,20,"Vayeshev",
"לְנַחֲמוֹ ","נ-ח-ם","Piel","Gen.",37,35,"Vayeshev",
"לְנַשֵּׁק ","נ-שׁ-ק","Piel","Gen.",31,28,"Vayetze",
"לְצַחֶק ","צ-ח-ק","Piel","Gen.",39,14,"Vayeshev",
"לְקַלֵּל ","ק-ל-ל","Piel","Gen.",8,21,"Noach",
"לְקָחַנִי ","ל-ק-ח/י-ק-ח","Paal","Gen.",24,7,"Chayei Sarah",
"לְרִשְׁתָּהּ ","י-ר-שׁ","Paal","Gen.",15,7,"Lech Lecha",
"לְשֶׁבֶת ","י-שׁ-ב","Paal","Gen.",16,3,"Lech Lecha",
"לְשַׁחֲתָּהּ ","שׁ-ח-ת","Piel","Gen.",19,13,"Vayera",
"לְשַׁחֵת ","שׁ-ח-ת","Piel","Gen.",6,17,"Noach",
"לְשַׁלְּחָם ","שׁ-ל-ח","Piel","Gen.",18,16,"Vayera",
"לִבְנֹת ","ב-נ-ה","Paal","Gen.",11,8,"Noach",
"לִבְרֹחַ ","ב-ר-ח","Paal","Gen.",31,27,"Vayetze",
"לִגְזֹז ","ג-ז-ז","Paal","Gen.",31,19,"Vayetze",
"לִדְרֹשׁ ","ד-ר-שׁ","Paal","Gen.",25,22,"Toledot",
"לִדְתָּהּ ","י-ל-ד","Paal","Gen.",38,27,"Vayeshev",
"לִהְיוֹת ","ה-י-ה","Paal","Gen.",10,8,"Noach",
"לִזְכֹּר ","ז-כ-ר","Paal","Gen.",9,16,"Noach",
"לִלְבֹּשׁ ","ל-ב-שׁ","Paal","Gen.",28,20,"Vayetze",
"לִמְנוֹת ","מ-נ-ה","Paal","Gen.",13,16,"Lech Lecha",
"לִמְצֹא ","מ-צ-א","Paal","Gen.",19,11,"Vayera",
"לִנְגֹעַ ","נ-ג-ע","Paal","Gen.",20,6,"Vayera",
"לִסְפֹּד ","ס-פ-ד","Paal","Gen.",23,2,"Chayei Sarah",
"לִסְפֹּר ","ס-פ-ר","Paal","Gen.",15,5,"Lech Lecha",
"לִקְבֹּר ","ק-ב-ר","Paal","Gen.",23,8,"Chayei Sarah",
"לִקְטוּ ","ל-ק-ט","Paal","Gen.",31,46,"Vayetze",
"לִרְחֹץ ","ר-ח-ץ","Paal","Gen.",24,32,"Chayei Sarah",
"לִרְעוֹת ","ר-ע-ה","Paal","Gen.",37,12,"Vayeshev",
"לִשְׁאֹב ","שׁ-א-ב","Paal","Gen.",24,13,"Chayei Sarah",
"לִשְׁבֹּר ","שׁ-ב-ר","Paal","Gen.",19,9,"Vayera",
"לִשְׁחֹט ","שׁ-ח-ט","Paal","Gen.",22,10,"Vayera",
"לִשְׁכַּב ","שׁ-כ-ב","Paal","Gen.",34,7,"Vayishlach",
"לִשְׁתֹּת ","שׁ-ת-ה","Paal","Gen.",24,19,"Chayei Sarah",
"לֵךְ ","ה-ל-ך/י-ל-ך","Paal","Gen.",26,16,"Toledot",
"לֶאֱכָל ","א-כ-ל","Paal","Gen.",31,54,"Vayetze",
"לֶאֱכֹל ","א-כ-ל","Paal","Gen.",24,33,"Chayei Sarah",
"לֶךְ ","ה-ל-ך/י-ל-ך","Paal","Gen.",12,1,"Lech Lecha",
"לַהֲמִיתוֹ ","מ-ו-ת","Hifil","Gen.",37,18,"Vayeshev",
"לָבוֹא ","ב-ו-א","Paal","Gen.",12,11,"Lech Lecha",
"לָגֹז ","ג-ז-ז","Paal","Gen.",38,13,"Vayeshev",
"לָגוּר ","ג-ו-ר","Paal","Gen.",12,10,"Lech Lecha",
"לָלִין ","ל-ו-ן/ל-י-ן","Paal","Gen.",24,23,"Chayei Sarah",
"לָלֶכֶת ","ה-ל-ך/י-ל-ך","Paal","Gen.",11,31,"Noach",
"לָלוּן ","ל-ו-ן/ל-י-ן","Paal","Gen.",24,26,"Chayei Sarah",
"לָן ","ל-ו-ן/ל-י-ן","Paal","Gen.",32,22,"Vayishlach",
"לָנוּס ","נ-ו-ס","Paal","Gen.",19,20,"Vayera",
"לָצוּד ","צ-ו-ד","Paal","Gen.",27,5,"Toledot",
"לָקְחָה ","ל-ק-ח/י-ק-ח","Paal","Gen.",31,34,"Vayetze",
"לָקַחְתָּ ","ל-ק-ח/י-ק-ח","Paal","Gen.",20,3,"Vayera",
"לָקָח ","ל-ק-ח/י-ק-ח","Paal","Gen.",27,36,"Toledot",
"לָקָחוּ ","ל-ק-ח/י-ק-ח","Paal","Gen.",34,28,"Vayishlach",
"לָקוּם ","ק-ו-ם","Paal","Gen.",31,35,"Vayetze",
"לָשֶׁבֶת ","י-שׁ-ב","Paal","Gen.",13,6,"Lech Lecha",
"לָשֵׂאת ","נ-שׂ-א","Paal","Gen.",36,7,"Vayishlach",
"לָשׂוּחַ ","שׂ-ו-ח","Paal","Gen.",24,63,"Chayei Sarah",
"לָתֶת ","נ-ת-ן","Paal","Gen.",15,7,"Lech Lecha",
"לֹקֵחַ ","ל-ק-ח/י-ק-ח","Paal","Gen.",27,46,"Toledot",
"לוּשִׁי ","ל-ו-שׁ","Paal","Gen.",18,6,"Vayera",
"מְאַלְּמִים ","א-ל-ם","Piel","Gen.",37,7,"Vayeshev",
"מְבַקֵּשׁ ","ב-ק-שׁ","Piel","Gen.",37,16,"Vayeshev",
"מְדַבֵּר ","ד-ב-ר","Piel","Gen.",27,6,"Toledot",
"מְכָרָנוּ ","מ-כ-ר","Paal","Gen.",31,15,"Vayetze",
"מְלָךְ ","מ-ל-ך","Paal","Gen.",36,31,"Vayishlach",
"מְצַוָּה ","צ-ו-ה","Piel","Gen.",27,9,"Toledot",
"מְצַחֵק ","צ-ח-ק","Piel","Gen.",21,9,"Vayera",
"מְצָאָהּ ","מ-צ-א","Paal","Gen.",38,20,"Vayeshev",
"מְצָאתִיהָ ","מ-צ-א","Paal","Gen.",38,22,"Vayeshev",
"מְצָאתָהּ ","מ-צ-א","Paal","Gen.",38,23,"Vayeshev",
"מִבּוֹא ","ב-ו-א","Paal","Gen.",24,62,"Chayei Sarah",
"מִגֵּן ","מ-ג-ן","Piel","Gen.",14,20,"Lech Lecha",
"מִדַּבֵּר ","ד-ב-ר","Piel","Gen.",31,29,"Vayetze",
"מִהַרְתָּ ","מ-ה-ר","Piel","Gen.",27,20,"Toledot",
"מִכְרָה ","מ-כ-ר","Paal","Gen.",25,31,"Toledot",
"מִלֵּל ","מ-ל-ל","Piel","Gen.",21,7,"Vayera",
"מִלֶּדֶת ","י-ל-ד","Paal","Gen.",16,2,"Lech Lecha",
"מִקְּבֹר ","ק-ב-ר","Paal","Gen.",23,6,"Chayei Sarah",
"מִשְׁתַּחֲוִים ","שׁ-ח-ה","Hitpael","Gen.",37,9,"Vayeshev",
"מִשְׁתָּאֵה ","שׁ-א-ה","Hitpael","Gen.",24,21,"Chayei Sarah",
"מִשֶּׁבֶת ","י-שׁ-ב","Paal","Gen.",36,7,"Vayishlach",
"מִשַּׁשְׁתָּ ","מ-שׁ-שׁ","Piel","Gen.",31,37,"Vayetze",
"מִתְנַחֵם ","נ-ח-ם","Hitpael","Gen.",27,32,"Toledot",
"מִתִּתִּי ","נ-ת-ן","Paal","Gen.",29,19,"Vayetze",
"מֵבִיא ","ב-ו-א","Hifil","Gen.",6,17,"Noach",
"מֵהַכּוֹת ","נ-כ-ה","Hifil","Gen.",14,17,"Lech Lecha",
"מֵחֲטוֹ ","ח-ט-א","Paal","Gen.",20,6,"Vayera",
"מֵעֲשֹׂת ","ע-שׂ-ה","Paal","Gen.",18,25,"Vayera",
"מֵקִים ","ק-ו-ם","Hifil","Gen.",9,9,"Noach",
"מֵשִׁיב ","שׁ-ו-ב","Hifil","Gen.",20,7,"Vayera",
"מֵתָה ","מ-ו-ת","Paal","Gen.",35,18,"Vayishlach",
"מֵת ","מ-ו-ת","Paal","Gen.",20,3,"Vayera",
"מֵתוּ ","מ-ו-ת","Paal","Gen.",7,22,"Noach",
"מַגִּיעַ ","נ-ג-ע","Hifil","Gen.",28,12,"Vayetze",
"מַהֲרִי ","מ-ה-ר","Piel","Gen.",18,6,"Vayera",
"מַהֵר ","מ-ה-ר","Piel","Gen.",19,22,"Vayera",
"מַחֲרִישׁ ","ח-ר-שׁ","Hifil","Gen.",24,21,"Chayei Sarah",
"מַלֵּא ","מ-ל-א","Piel","Gen.",29,27,"Vayetze",
"מַמְטִיר ","מ-ט-ר","Hifil","Gen.",7,4,"Noach",
"מַצְלִיחַ ","צ-ל-ח","Hifil","Gen.",24,42,"Chayei Sarah",
"מַשְׁחִיתָם ","שׁ-ח-ת","Hifil","Gen.",6,13,"Noach",
"מַשְׁחִית ","שׁ-ח-ת","Hifil","Gen.",19,14,"Vayera",
"מַשְׁחִתִים ","שׁ-ח-ת","Hifil","Gen.",19,13,"Vayera",
"מָכְרוּ ","מ-כ-ר","Paal","Gen.",37,36,"Vayeshev",
"מָלְאָה ","מ-ל-א","Paal","Gen.",6,13,"Noach",
"מָלְאוּ ","מ-ל-א","Paal","Gen.",29,21,"Vayetze",
"מָלְכוּ ","מ-ל-ך","Paal","Gen.",36,31,"Vayishlach",
"מָנַע ","מ-נ-ע","Paal","Gen.",30,2,"Vayetze",
"מָצְאָה ","מ-צ-א","Paal","Gen.",8,9,"Noach",
"מָצָאנוּ ","מ-צ-א","Paal","Gen.",26,32,"Toledot",
"מָצָאתִי ","מ-צ-א","Paal","Gen.",18,3,"Vayera",
"מָצָאתָ","מ-צ-א","Paal","Gen.",31,37,"Vayetze",
"מָרָדוּ ","מ-ר-ד","Paal","Gen.",14,4,"Lech Lecha",
"מָשַׁחְתָּ ","מ-שׁ-ח","Paal","Gen.",31,13,"Vayetze",
"מָשׁוֹל ","מ-שׁ-ל","Paal","Gen.",37,8,"Vayeshev",
"מֻצָּב ","י-צ-ב","Hufal","Gen.",28,12,"Vayetze",
"מוֹת ","מ-ו-ת","Paal","Gen.",26,11,"Toledot",
"מוּצֵאת ","י-צ-א","Hufal","Gen.",38,25,"Vayeshev",
"נְגַעֲנוּךָ ","נ-ג-ע","Paal","Gen.",26,29,"Toledot",
"נְטַשְׁתַּנִי ","נ-ט-שׁ","Paal","Gen.",31,28,"Vayetze",
"נְתַתִּיהָ ","נ-ת-ן","Paal","Gen.",23,11,"Chayei Sarah",
"נְתַתִּיךָ ","נ-ת-ן","Paal","Gen.",17,5,"Lech Lecha",
"נְתָן ","נ-ת-ן","Paal","Gen.",38,9,"Vayeshev",
"נְתָנוֹ ","נ-ת-ן","Paal","Gen.",31,7,"Vayetze",
"נִבְנֶה ","ב-נ-ה","Paal","Gen.",11,4,"Noach",
"נִבְקְעוּ ","ב-ק-ע","Nifal","Gen.",7,11,"Noach",
"נִגְלוּ ","ג-ל-ה","Nifal","Gen.",35,7,"Vayishlach",
"נִגַּשׁ ","נ-ג-שׁ","Nifal","Gen.",33,7,"Vayishlach",
"נִהְיֶה ","ה-י-ה","Paal","Gen.",38,23,"Vayeshev",
"נִחַשְׁתִּי ","נ-ח-שׁ","Piel","Gen.",30,27,"Vayetze",
"נִכְבָּד ","כ-ב-ד","Nifal","Gen.",34,19,"Vayishlach",
"נִכְסַפְתָּה ","כ-ס-ף","Nifal","Gen.",31,30,"Vayetze",
"נִכְסֹף ","כ-ס-ף","Nifal","Gen.",31,30,"Vayetze",
"נִכְרְתָה ","כ-ר-ת","Nifal","Gen.",31,44,"Vayetze",
"נִלְבְּנָה ","ל-ב-ן","Paal","Gen.",11,3,"Noach",
"נִמֹּלוּ ","מ-ו-ל","Nifal","Gen.",17,26,"Lech Lecha",
"נִמּוֹל ","מ-ו-ל","Nifal","Gen.",17,26,"Lech Lecha",
"נִסְעָה ","נ-ס-ע","Paal","Gen.",33,12,"Vayishlach",
"נִסָּה ","נ-ס-ה","Piel","Gen.",22,1,"Vayera",
"נִסָּתֵר ","ס-ת-ר","Nifal","Gen.",31,49,"Vayetze",
"נִפְלְגָה ","פ-ל-ג","Nifal","Gen.",10,25,"Noach",
"נִפְרְדוּ ","פ-ר-ד","Nifal","Gen.",10,5,"Noach",
"נִפְתַּלְתִּי ","פ-ת-ל","Nifal","Gen.",30,8,"Vayetze",
"נִפְתָּחוּ ","פ-ת-ח","Nifal","Gen.",7,11,"Noach",
"נִצָּבִים ","י-צ-ב","Nifal","Gen.",18,2,"Vayera",
"נִצָּבָה ","י-צ-ב","Nifal","Gen.",37,7,"Vayeshev",
"נִצָּב ","י-צ-ב","Nifal","Gen.",24,13,"Chayei Sarah",
"נִקְרָא ","ק-ר-א","Paal","Gen.",24,57,"Chayei Sarah",
"נִקַּח ","ל-ק-ח/י-ק-ח","Paal","Gen.",34,16,"Vayishlach",
"נִרְאוּ ","ר-א-ה","Nifal","Gen.",8,5,"Noach",
"נִשְׁבְּעוּ ","שׁ-ב-ע","Nifal","Gen.",21,31,"Vayera",
"נִשְׁבַּעְתִּי ","שׁ-ב-ע","Nifal","Gen.",22,16,"Vayera",
"נִשְׁבַּע ","שׁ-ב-ע","Nifal","Gen.",24,7,"Chayei Sarah",
"נִשְׁבָּה ","שׁ-ב-ה","Nifal","Gen.",14,14,"Lech Lecha",
"נִשְׁחָתָה ","שׁ-ח-ת","Nifal","Gen.",6,12,"Noach",
"נִתְּנָה ","נ-ת-ן","Nifal","Gen.",38,14,"Vayeshev",
"נִתֵּן ","נ-ת-ן","Paal","Gen.",34,21,"Vayishlach",
"נִתָּנוּ ","נ-ת-ן","Nifal","Gen.",9,2,"Noach",
"נֵאוֹתָה ","א-ו-ת","Nifal","Gen.",34,23,"Vayishlach",
"נֵאוֹת ","א-ו-ת","Nifal","Gen.",34,15,"Vayishlach",
"נֵלְכָה ","ה-ל-ך/י-ל-ך","Paal","Gen.",22,5,"Vayera",
"נֵרְדָה ","י-ר-ד","Paal","Gen.",11,7,"Noach",
"נֶאֱחַז ","א-ח-ז","Nifal","Gen.",22,13,"Vayera",
"נֶחְשַׁבְנוּ ","ח-שׁ-ב","Nifal","Gen.",31,15,"Vayetze",
"נַהֲרֹג ","ה-ר-ג","Paal","Gen.",37,26,"Vayeshev",
"נַחְבֵּאתָ ","ח-ב-א","Nifal","Gen.",31,37,"Vayetze",
"נַכֶּנּוּ ","נ-כ-ה","Hifil","Gen.",37,21,"Vayeshev",
"נַשְׁקֶה ","שׁ-ק-ה","Hifil","Gen.",19,32,"Vayera",
"נַשְׁקֶנוּ ","שׁ-ק-ה","Hifil","Gen.",19,34,"Vayera",
"נָבוֹא ","ב-ו-א","Paal","Gen.",20,13,"Vayera",
"נָבוֹא ","ב-ו-א","Paal","Gen.",37,10,"Vayeshev",
"נָגַע ","נ-ג-ע","Paal","Gen.",32,33,"Vayishlach",
"נָדַרְתָּ ","נ-ד-ר","Paal","Gen.",31,13,"Vayetze",
"נָחַנִי ","נ-ח-ה","Paal","Gen.",24,7,"Chayei Sarah",
"נָטָה ","נ-ט-ה","Paal","Gen.",33,19,"Vayishlach",
"נָלִין ","ל-ו-ן/ל-י-ן","Paal","Gen.",19,2,"Vayera",
"נָסְעוּ ","נ-ס-ע","Paal","Gen.",37,17,"Vayeshev",
"נָסַבּוּ ","ס-ב-ב","Nifal","Gen.",19,4,"Vayera",
"נָסַע ","נ-ס-ע","Paal","Gen.",33,17,"Vayishlach",
"נָפְלָה ","נ-פ-ל","Paal","Gen.",15,12,"Lech Lecha",
"נָפְצָה ","נ-פ-ץ","Paal","Gen.",9,19,"Noach",
"נָפָל ","נ-פ-ל","Paal","Gen.",25,18,"Chayei Sarah",
"נָפֹצוּ ","פ-ו-ץ","Nifal","Gen.",10,18,"Noach",
"נָפוּץ ","פ-ו-ץ","Paal","Gen.",11,4,"Noach",
"נָקְבָה ","נ-ק-ב","Paal","Gen.",30,28,"Vayetze",
"נָרַע ","ר-ע-ע","Hifil","Gen.",19,9,"Vayera",
"נָשָׂא ","נ-שׂ-א","Paal","Gen.",13,6,"Lech Lecha",
"נָשָׂאתִי ","נ-שׂ-א","Paal","Gen.",19,21,"Vayera",
"נָתַן ","נ-ת-ן","Paal","Gen.",24,53,"Chayei Sarah",
"נֹפֶלֶת ","נ-פ-ל","Paal","Gen.",15,12,"Lech Lecha",
"נֹשְׂאִים ","נ-שׂ-א","Paal","Gen.",37,25,"Vayeshev",
"נֹתֵן ","נ-ת-ן","Paal","Gen.",9,12,"Noach",
"נָּסוּ ","נ-ו-ס","Paal","Gen.",14,10,"Lech Lecha",
"נוּכַל ","י-כ-ל","Paal","Gen.",24,50,"Chayei Sarah",
"סְמַכְתִּיו ","ס-מ-ך","Paal","Gen.",27,37,"Toledot",
"סִתְּמוּם ","ס-ת-ם","Piel","Gen.",26,15,"Toledot",
"סַפְּרוּ ","ס-פ-ר","Piel","Gen.",40,8,"Vayeshev",
"סָגַר ","ס-ג-ר","Paal","Gen.",19,6,"Vayera",
"סָגָרוּ ","ס-ג-ר","Paal","Gen.",19,10,"Vayera",
"סוּרוּ ","ס-ו-ר","Paal","Gen.",19,2,"Vayera",
"עֲבַדְתִּיךָ ","ע-ב-ד","Paal","Gen.",30,26,"Vayetze",
"עֲבַרְתֶּם ","ע-ב-ר","Paal","Gen.",18,5,"Vayera",
"עֲכַרְתֶּם ","ע-כ-ר","Paal","Gen.",34,30,"Vayishlach",
"עֲלֵה ","ע-ל-ה","Paal","Gen.",35,1,"Vayishlach",
"עֲצָרַנִי ","ע-צ-ר","Paal","Gen.",16,2,"Lech Lecha",
"עֲשִׂי ","ע-שׂ-ה","Paal","Gen.",16,6,"Lech Lecha",
"עֲשֵׂה ","ע-שׂ-ה","Paal","Gen.",6,14,"Noach",
"עֲשׂוֹ","ע-שׂ-ה","Paal","Gen.",31,28,"Vayetze",
"עִבְרוּ ","ע-ב-ר","Paal","Gen.",32,17,"Vayishlach",
"עַשֵּׂר ","ע-שׂ-ר","Piel","Gen.",28,22,"Vayetze",
"עָבְדוּ ","ע-ב-ד","Paal","Gen.",14,4,"Lech Lecha",
"עָבַדְתִּי ","ע-ב-ד","Paal","Gen.",29,25,"Vayetze",
"עָבַרְתִּי ","ע-ב-ר","Paal","Gen.",32,11,"Vayishlach",
"עָבַר ","ע-ב-ר","Paal","Gen.",15,17,"Lech Lecha",
"עָזַב ","ע-ז-ב","Paal","Gen.",24,27,"Chayei Sarah",
"עָלְתָה ","ע-ל-ה","Paal","Gen.",40,10,"Vayeshev",
"עָלָה ","ע-ל-ה","Paal","Gen.",19,15,"Vayera",
"עָמְדָה ","ע-מ-ד","Paal","Gen.",30,9,"Vayetze",
"עָמַד ","ע-מ-ד","Paal","Gen.",19,27,"Vayera",
"עָצַמְתָּ ","ע-צ-ם","Paal","Gen.",26,16,"Toledot",
"עָצַר ","ע-צ-ר","Paal","Gen.",20,18,"Vayera",
"עָצֹר ","ע-צ-ר","Paal","Gen.",20,18,"Vayera",
"עָשִׂינוּ ","ע-שׂ-ה","Paal","Gen.",26,29,"Toledot",
"עָשִׂיתִי ","ע-שׂ-ה","Paal","Gen.",7,4,"Noach",
"עָשָׂתָה ","ע-שׂ-ה","Paal","Gen.",27,17,"Toledot",
"עָשׂוּ ","ע-שׂ-ה","Paal","Gen.",12,5,"Lech Lecha",
"עֹבֵר ","ע-ב-ר","Paal","Gen.",23,16,"Chayei Sarah",
"עֹלִים ","ע-ל-ה","Paal","Gen.",28,12,"Vayetze",
"עֹלֶה ","ע-ל-ה","Paal","Gen.",38,13,"Vayeshev",
"עֹמֵד ","ע-מ-ד","Paal","Gen.",18,8,"Vayera",
"עֹשִׂים ","ע-שׂ-ה","Paal","Gen.",24,49,"Chayei Sarah",
"פְּרֵה ","פ-ר-ה","Paal","Gen.",35,11,"Vayishlach",
"פִּנִּיתִי ","פ-נ-ה","Piel","Gen.",24,31,"Chayei Sarah",
"פִּצֵּל ","פ-צ-ל","Piel","Gen.",30,38,"Vayetze",
"פָּגָשְׁתִּי ","פ-ג-שׁ","Paal","Gen.",33,8,"Vayishlach",
"פָּקַד ","פ-ק-ד","Paal","Gen.",21,1,"Vayera",
"פָּרַצְתָּ ","פ-ר-ץ","Paal","Gen.",38,29,"Vayeshev",
"פָּתַר ","פ-ת-ר","Paal","Gen.",40,22,"Vayeshev",
"פָּתָר ","פ-ת-ר","Paal","Gen.",40,16,"Vayeshev",
"צְאוּ ","י-צ-א","Paal","Gen.",19,14,"Vayera",
"צִוָּה ","צ-ו-ה","Piel","Gen.",6,22,"Noach",
"צִוָּהוּ ","צ-ו-ה","Piel","Gen.",7,5,"Noach",
"צֵא ","י-צ-א","Paal","Gen.",8,15,"Noach",
"צָדְקָה ","צ-ד-ק","Paal","Gen.",38,26,"Vayeshev",
"צָחֲקָה ","צ-ח-ק","Paal","Gen.",18,13,"Vayera",
"צָחַקְתִּי ","צ-ח-ק","Paal","Gen.",18,15,"Vayera",
"צָחָקְתְּ ","צ-ח-ק","Paal","Gen.",18,15,"Vayera",
"צֹלֵעַ ","צ-ל-ע","Paal","Gen.",32,32,"Vayishlach",
"קְבֹר ","ק-ב-ר","Paal","Gen.",23,6,"Chayei Sarah",
"קְחָה ","ל-ק-ח/י-ק-ח","Paal","Gen.",15,9,"Lech Lecha",
"קַחְתֵּךְ ","ל-ק-ח/י-ק-ח","Paal","Gen.",30,15,"Vayetze",
"קַח ","ל-ק-ח/י-ק-ח","Paal","Gen.",6,21,"Noach",
"קַלּוּ ","ק-ל-ל","Paal","Gen.",8,11,"Noach",
"קַצְתִּי ","ק-ו-ץ","Paal","Gen.",27,46,"Toledot",
"קָבַר ","ק-ב-ר","Paal","Gen.",23,19,"Chayei Sarah",
"קָטֹנְתִּי ","ק-ט-ן","Paal","Gen.",32,11,"Vayishlach",
"קָמָה ","ק-ו-ם","Paal","Gen.",37,7,"Vayeshev",
"קָנָה ","ק-נ-ה","Paal","Gen.",25,10,"Chayei Sarah",
"קָרְאָה ","ק-ר-א","Paal","Gen.",30,6,"Vayetze",
"קָרַב ","ק-ר-ב","Paal","Gen.",20,4,"Vayera",
"קֻבַּר ","ק-ב-ר","Pual","Gen.",25,10,"Chayei Sarah",
"קוּם ","ק-ו-ם","Paal","Gen.",19,15,"Vayera",
"קוּמִי ","ק-ו-ם","Paal","Gen.",21,18,"Vayera",
"קוּמוּ ","ק-ו-ם","Paal","Gen.",19,14,"Vayera",
"רְאֵה ","ר-א-ה","Paal","Gen.",27,27,"Toledot",
"רְאוּ ","ר-א-ה","Paal","Gen.",39,14,"Vayeshev",
"רְעוּ ","ר-ע-ה","Paal","Gen.",29,8,"Vayetze",
"רִמִּיתָנִי ","ר-מ-ה","Piel","Gen.",29,25,"Vayetze",
"רָאֲתָה ","ר-א-ה","Paal","Gen.",38,14,"Vayeshev",
"רָאִינוּ ","ר-א-ה","Paal","Gen.",26,28,"Toledot",
"רָאִיתִי ","ר-א-ה","Paal","Gen.",7,1,"Noach",
"רָאִיתָ ","ר-א-ה","Paal","Gen.",20,10,"Vayera",
"רָאָה ","ר-א-ה","Paal","Gen.",29,10,"Vayetze",
"רָאָם ","ר-א-ה","Paal","Gen.",32,3,"Vayetze",
"רָאוֹ ","ר-א-ה","Paal","Gen.",26,28,"Toledot",
"רָאוּ ","ר-א-ה","Paal","Gen.",9,23,"Noach",
"רָבָּה ","ר-ב-ב","Paal","Gen.",18,20,"Vayera",
"רָבוּ ","ר-י-ב","Paal","Gen.",26,22,"Toledot",
"רָדְפוּ ","ר-ד-ף","Paal","Gen.",35,5,"Vayishlach",
"רָכַשׁ ","ר-כ-שׁ","Paal","Gen.",31,18,"Vayetze",
"רָכָשׁ ","ר-כ-שׁ","Paal","Gen.",31,18,"Vayetze",
"רָכָשׁוּ ","ר-כ-שׁ","Paal","Gen.",12,5,"Lech Lecha",
"רָץ ","ר-ו-ץ","Paal","Gen.",18,7,"Vayera",
"רֹאִי ","ר-א-ה","Paal","Gen.",16,13,"Lech Lecha",
"רֹאֶה ","ר-א-ה","Paal","Gen.",13,15,"Lech Lecha",
"רֹבְצִים ","ר-ב-ץ","Paal","Gen.",29,2,"Vayetze",
"רֹעִים ","ר-ע-ה","Paal","Gen.",37,12,"Vayeshev",
"שְׁבִי ","י-שׁ-ב","Paal","Gen.",38,11,"Vayeshev",
"שְׁבָה ","י-שׁ-ב","Paal","Gen.",27,19,"Toledot",
"שְׁבוּ ","י-שׁ-ב","Paal","Gen.",22,5,"Vayera",
"שְׁכֹן ","שׁ-כ-ן","Paal","Gen.",26,2,"Toledot",
"שְׁמַעְתִּיךָ ","שׁ-מ-ע","Paal","Gen.",17,20,"Lech Lecha",
"שְׁמַע ","שׁ-מ-ע","Paal","Gen.",21,12,"Vayera",
"שְׁמָעֵנִי ","שׁ-מ-ע","Paal","Gen.",23,11,"Chayei Sarah",
"שְׁמָעֵנוּ ","שׁ-מ-ע","Paal","Gen.",23,6,"Chayei Sarah",
"שְׁמָעוּנִי ","שׁ-מ-ע","Paal","Gen.",23,8,"Chayei Sarah",
"שְׁתֵה ","שׁ-ת-ה","Paal","Gen.",24,14,"Chayei Sarah",
"שִׁכְבִי ","שׁ-כ-ב","Paal","Gen.",19,34,"Vayera",
"שִׁכְבָה ","שׁ-כ-ב","Paal","Gen.",39,7,"Vayeshev",
"שִׁכֵּלוּ ","שׁ-כ-ל","Piel","Gen.",31,38,"Vayetze",
"שִׁלַּחְתָּנִי ","שׁ-ל-ח","Piel","Gen.",30,42,"Vayetze",
"שִׁמְעוּ ","שׁ-מ-ע","Paal","Gen.",37,6,"Vayeshev",
"שִׁרְצוּ ","שׁ-ר-ץ","Paal","Gen.",9,6,"Noach",
"שֵׁב ","י-שׁ-ב","Paal","Gen.",20,15,"Vayera",
"שַׁחֵת ","שׁ-ח-ת","Piel","Gen.",13,10,"Lech Lecha",
"שַׁלְּחֵנִי ","שׁ-ל-ח","Piel","Gen.",30,25,"Vayetze",
"שַׁלְּחֻנִי ","שׁ-ל-ח","Piel","Gen.",24,54,"Chayei Sarah",
"שַׁלַּח ","שׁ-ל-ח","Piel","Gen.",8,10,"Noach",
"שָׁב ","שׁ-ו-ב","Paal","Gen.",18,33,"Vayera",
"שָׁבוּ ","שׁ-ב-ה","Paal","Gen.",34,29,"Vayishlach",
"שָׁכַבְתִּי ","שׁ-כ-ב","Paal","Gen.",19,34,"Vayera",
"שָׁכַב ","שׁ-כ-ב","Paal","Gen.",26,10,"Toledot",
"שָׁלְחֶךָ ","שׁ-ל-ח","Paal","Gen.",38,17,"Vayeshev",
"שָׁלְחָה ","שׁ-ל-ח","Paal","Gen.",38,25,"Vayeshev",
"שָׁלַחְתִּי ","שׁ-ל-ח","Paal","Gen.",38,23,"Vayeshev",
"שָׁמַע ","שׁ-מ-ע","Paal","Gen.",16,11,"Lech Lecha",
"שָׁמַר ","שׁ-מ-ר","Paal","Gen.",37,11,"Vayeshev",
"שָׁפוֹט ","שׁ-פ-ט","Paal","Gen.",19,9,"Vayera",
"שָׁתָם ","שׁ-י-ת","Paal","Gen.",30,40,"Vayetze",
"שֹׁכֵב ","שׁ-כ-ב","Paal","Gen.",28,13,"Vayetze",
"שֹׁכֵן ","שׁ-כ-ן","Paal","Gen.",14,13,"Lech Lecha",
"שֹׁמַעַת ","שׁ-מ-ע","Paal","Gen.",18,10,"Vayera",
"שֹׁפֵךְ ","שׁ-פ-ך","Paal","Gen.",9,6,"Noach",
"שׁוֹב ","שׁ-ו-ב","Paal","Gen.",18,10,"Vayera",
"שׁוּבִי ","שׁ-ו-ב","Paal","Gen.",16,9,"Lech Lecha",
"שׁוּב ","שׁ-ו-ב","Paal","Gen.",8,12,"Noach",
"שׁוּבוֹ ","שׁ-ו-ב","Paal","Gen.",14,17,"Lech Lecha",
"שְׂאִי ","נ-שׂ-א","Paal","Gen.",21,18,"Vayera",
"שְׂכַרְתִּךָ ","שׂ-כ-ר","Paal","Gen.",30,16,"Vayetze",
"שְׂנֵאתֶם ","שׂ-נ-א","Paal","Gen.",26,27,"Toledot",
"שְׂנֹא ","שׂ-נ-א","Paal","Gen.",37,5,"Vayeshev",
"שִׂים ","שׂ-י-ם","Paal","Gen.",24,2,"Chayei Sarah",
"שַׂמְתִּי ","שׂ-י-ם","Paal","Gen.",28,22,"Vayetze",
"שַׂמְתִּיו ","שׂ-י-ם","Paal","Gen.",27,37,"Toledot",
"שָׂא ","נ-שׂ-א","Paal","Gen.",13,14,"Lech Lecha",
"שָׂכֹר ","שׂ-כ-ר","Paal","Gen.",30,16,"Vayetze",
"שָׂם ","שׂ-י-ם","Paal","Gen.",21,14,"Vayera",
"שָׂמוּ ","שׂ-י-ם","Paal","Gen.",40,15,"Vayeshev",
"שָׂרִיתָ ","שׂ-ר-ה","Paal","Gen.",32,29,"Vayishlach",
"תְאַחֲרוּ ","א-ח-ר","Piel","Gen.",24,56,"Chayei Sarah",
"תְהִי ","ה-י-ה","Paal","Gen.",13,8,"Lech Lecha",
"תְסֻבֶּינָה ","ס-ב-ב","Paal","Gen.",37,7,"Vayeshev",
"תִחְיֶה ","ח-י-ה","Paal","Gen.",27,40,"Toledot",
"תִקְרָא ","ק-ר-א","Paal","Gen.",17,15,"Lech Lecha",
"תִקַּח ","ל-ק-ח/י-ק-ח","Paal","Gen.",24,3,"Chayei Sarah",
"תִשְׁמְעוּ ","שׁ-מ-ע","Paal","Gen.",34,17,"Vayishlach",
"תִשְׁמֹר ","שׁ-מ-ר","Paal","Gen.",17,9,"Lech Lecha",
"תִשָּׂא ","נ-שׂ-א","Paal","Gen.",18,24,"Vayera",
"תִתֶּן ","נ-ת-ן","Paal","Gen.",30,31,"Vayetze",
"תֵלֵכִי ","ה-ל-ך/י-ל-ך","Paal","Gen.",16,8,"Lech Lecha",
"תַעֲבֹר ","ע-ב-ר","Paal","Gen.",18,3,"Vayera",
"תַעֲמֹד ","ע-מ-ד","Paal","Gen.",24,31,"Chayei Sarah",
"תָבוֹא ","ב-ו-א","Paal","Gen.",24,41,"Chayei Sarah",
"תָשֵׁב ","שׁ-ו-ב","Hifil","Gen.",24,8,"Chayei Sarah",
"תֹאבֶה","א-ב-ה","Paal","Gen.",24,5,"Chayei Sarah",
"תֹאכֵלוּ ","א-כ-ל","Paal","Gen.",9,4,"Noach",
"תֹאמְרוּן ","א-מ-ר","Paal","Gen.",32,5,"Vayishlach",
"תֹאמַר ","א-מ-ר","Paal","Gen.",14,23,"Lech Lecha",
"תֹעֶה ","ת-ע-ה","Paal","Gen.",37,15,"Vayeshev",
"תְּבַקְשֶׁנָּה ","ב-ק-שׁ","Piel","Gen.",31,39,"Vayetze",
"תְּבַקֵּשׁ ","ב-ק-שׁ","Piel","Gen.",37,15,"Vayeshev",
"תְּבָרְכַנִּי ","ב-ר-ך","Piel","Gen.",27,19,"Toledot",
"תְּבָרֶכְךָ ","ב-ר-ך","Piel","Gen.",27,4,"Toledot",
"תְּדַבְּרוּן ","ד-ב-ר","Piel","Gen.",32,20,"Vayishlach",
"תְּדַבֵּר ","ד-ב-ר","Piel","Gen.",31,24,"Vayetze",
"תְּהִי ","ה-י-ה","Paal","Gen.",26,28,"Toledot",
"תְּכַלֶּנָּה ","כ-ל-ה","Piel","Gen.",6,16,"Noach",
"תְּנִי ","נ-ת-ן","Paal","Gen.",30,14,"Vayetze",
"תְּנָה ","נ-ת-ן","Paal","Gen.",30,26,"Vayetze",
"תְּנוּ ","נ-ת-ן","Paal","Gen.",23,4,"Chayei Sarah",
"תְּעַנֶּה ","ע-נ-ה","Piel","Gen.",30,51,"Vayetze",
"תִּגְזֹל ","ג-ז-ל","Paal","Gen.",31,31,"Vayetze",
"תִּדְבָּקַנִי ","ד-ב-ק","Paal","Gen.",19,19,"Vayera",
"תִּהְיוּ ","ה-י-ה","Paal","Gen.",34,15,"Vayishlach",
"תִּירְאִי","י-ר-א","Paal","Gen.",21,17,"Vayera",
"תִּירָא ","י-ר-א","Paal","Gen.",15,1,"Lech Lecha",
"תִּמְלֹךְ ","מ-ל-ך","Paal","Gen.",37,8,"Vayeshev",
"תִּמְצָא ","מ-צ-א","Paal","Gen.",31,32,"Vayetze",
"תִּמְשֹׁל ","מ-שׁ-ל","Paal","Gen.",37,8,"Vayeshev",
"תִּנָּקֶה ","נ-ק-ה","Nifal","Gen.",24,41,"Chayei Sarah",
"תִּסְפֶּה ","ס-פ-ה","Paal","Gen.",18,23,"Vayera",
"תִּסָּפֶה ","ס-פ-ה","Nifal","Gen.",19,15,"Vayera",
"תִּקְחוּ ","ל-ק-ח/י-ק-ח","Paal","Gen.",34,9,"Vayishlach",
"תִּקַּח ","ל-ק-ח/י-ק-ח","Paal","Gen.",7,2,"Noach",
"תִּקָּבֵר ","ק-ב-ר","Nifal","Gen.",15,15,"Lech Lecha",
"תִּרְמֹשׂ ","ר-מ-שׂ","Paal","Gen.",9,2,"Noach",
"תִּשְׁאַל ","שׁ-א-ל","Paal","Gen.",32,30,"Vayishlach",
"תִּשְׁלְחוּ ","שׁ-ל-ח","Paal","Gen.",37,22,"Vayeshev",
"תִּשְׁלַח ","שׁ-ל-ח","Paal","Gen.",22,12,"Vayera",
"תִּשְׁמְרוּ ","שׁ-מ-ר","Paal","Gen.",17,10,"Lech Lecha",
"תִּשְׁפְּכוּ ","שׁ-פ-ך","Paal","Gen.",37,22,"Vayeshev",
"תִּשְׁקֹר ","שׁ-ק-ר","Paal","Gen.",21,23,"Vayera",
"תִּתְּנוּ ","נ-ת-ן","Paal","Gen.",34,9,"Vayishlach",
"תִּתִּי ","נ-ת-ן","Paal","Gen.",29,19,"Vayetze",
"תִּתֶּן ","נ-ת-ן","Paal","Gen.",15,2,"Lech Lecha",
"תֵּדַע ","י-ד-ע","Paal","Gen.",15,13,"Lech Lecha",
"תֵּלֵד ","י-ל-ד","Paal","Gen.",17,17,"Lech Lecha",
"תֵּלֵךְ ","ה-ל-ך/י-ל-ך","Paal","Gen.",24,4,"Chayei Sarah",
"תֵּרֵד ","י-ר-ד","Paal","Gen.",26,2,"Toledot",
"תֵּשֵׁב ","י-שׁ-ב","Paal","Gen.",24,55,"Chayei Sarah",
"תֵּשֵׁבוּ ","י-שׁ-ב","Paal","Gen.",34,10,"Vayishlach",
"תֶּן ","נ-ת-ן","Paal","Gen.",14,21,"Lech Lecha",
"תַּבִּיט ","נ-ב-ט","Hifil","Gen.",19,17,"Vayera",
"תַּהֲרֹג ","ה-ר-ג","Paal","Gen.",20,4,"Vayera",
"תַּעֲבֹרוּ ","ע-ב-ר","Paal","Gen.",18,5,"Vayera",
"תַּעֲמֹד ","ע-מ-ד","Paal","Gen.",19,17,"Vayera",
"תַּעֲשִׂי ","ע-שׂ-ה","Paal","Gen.",20,13,"Vayera",
"תַּעֲשֵׂה ","ע-שׂ-ה","Paal","Gen.",26,29,"Toledot",
"תַּעֲשֶׂהָ ","ע-שׂ-ה","Paal","Gen.",6,16,"Noach",
"תַּעֲשֶׂה ","ע-שׂ-ה","Paal","Gen.",6,14,"Noach",
"תַּעֲשׂוּ ","ע-שׂ-ה","Paal","Gen.",19,8,"Vayera",
"תַּעַשׂ ","ע-שׂ-ה","Paal","Gen.",22,12,"Vayera",
"תָּבִיא ","ב-ו-א","Hifil","Gen.",6,19,"Noach",
"תָּבֹאןָ ","ב-ו-א","Paal","Gen.",30,38,"Vayetze",
"תָּבוֹא ","ב-ו-א","Paal","Gen.",15,15,"Lech Lecha",
"תָּלָה ","ת-ל-ה","Paal","Gen.",40,22,"Vayeshev",
"תָּקַע ","ת-ק-ע","Paal","Gen.",31,25,"Vayetze",
"תָּרִיד ","ר-י-ד","Paal","Gen.",27,40,"Toledot",
"תָּרֵעוּ ","ר-ע-ע","Hifil","Gen.",19,7,"Vayera",
"תָּשִׁיב ","שׁ-ו-ב","Hifil","Gen.",24,6,"Chayei Sarah",
"תָּשִׂים ","שׂ-י-ם","Paal","Gen.",6,16,"Noach",
"תָּשִׂימוּ ","שׂ-י-ם","Paal","Gen.",32,17,"Vayishlach",
"תֹּאמְרוּ ","א-מ-ר","Paal","Gen.",34,11,"Vayishlach",
"תֹּאמַר ","א-מ-ר","Paal","Gen.",21,12,"Vayera",
"תּוּכַל ","י-כ-ל","Paal","Gen.",15,5,"Lech Lecha",
,,,"Gen.",,,"Mikketz",
,,,"Gen.",,,"Mikketz",
,,,"Gen.",,,"Mikketz",
,,,"Gen.",,,"Mikketz",
,,,"Gen.",,,"Mikketz",
,,,"Gen.",,,"Mikketz",
,,,"Gen.",,,"Mikketz",
,,,"Gen.",,,"Mikketz",
,,,"Gen.",,,"Mikketz",
,,,"Gen.",,,"Mikketz",
,,,"Gen.",,,"Mikketz",
,,,"Gen.",,,"Mikketz",
,,,"Gen.",,,"Mikketz",
,,,"Gen.",,,"Mikketz",
,,,"Gen.",,,"Mikketz",
,,,"Gen.",,,"Mikketz",
,,,"Gen.",,,"Mikketz",
,,,"Gen.",,,"Mikketz",
,,,"Gen.",,,"Mikketz",
,,,"Gen.",,,"Mikketz",
,,,"Gen.",,,"Mikketz",
,,,"Gen.",,,"Mikketz",
,,,"Gen.",,,"Mikketz",
,,,"Gen.",,,"Mikketz",
,,,"Gen.",,,"Mikketz",
,,,"Gen.",,,"Mikketz",
,,,"Gen.",,,"Mikketz",
,,,"Gen.",,,"Mikketz",
,,,"Gen.",,,"Mikketz",
,,,"Gen.",,,"Mikketz",
,,,"Gen.",,,"Mikketz",
,,,"Gen.",,,"Mikketz",
,,,"Gen.",,,"Mikketz",
,,,"Gen.",,,"Mikketz",
,,,"Gen.",,,"Mikketz",
,,,"Gen.",,,"Mikketz",
,,,"Gen.",,,"Mikketz",
,,,"Gen.",,,"Mikketz",
,,,"Gen.",,,"Mikketz",
,,,"Gen.",,,"Mikketz",
,,,"Gen.",,,"Mikketz",
,,,"Gen.",,,"Mikketz",
,,,"Gen.",,,"Mikketz",
,,,"Gen.",,,"Mikketz",
,,,"Gen.",,,"Mikketz",
,,,"Gen.",,,"Mikketz",
,,,"Gen.",,,"Mikketz",
,,,"Gen.",,,"Mikketz",
,,,"Gen.",,,"Mikketz",
,,,"Gen.",,,"Mikketz",
,,,"Gen.",,,"Mikketz",
,,,"Gen.",,,"Mikketz",
,,,"Gen.",,,"Mikketz",
,,,"Gen.",,,"Mikketz",
,,,"Gen.",,,"Mikketz",
,,,"Gen.",,,"Mikketz",
,,,"Gen.",,,"Mikketz",
,,,"Gen.",,,"Mikketz",
,,,"Gen.",,,"Mikketz",
,,,"Gen.",,,"Mikketz",
,,,"Gen.",,,"Mikketz",
,,,"Gen.",,,"Mikketz",
,,,"Gen.",,,"Mikketz",
,,,"Gen.",,,"Mikketz",
,,,"Gen.",,,"Mikketz",
,,,"Gen.",,,"Mikketz",
,,,"Gen.",,,"Mikketz",
,,,"Gen.",,,"Mikketz",
,,,"Gen.",,,"Mikketz",
,,,"Gen.",,,"Mikketz",
,,,"Gen.",,,"Mikketz",
,,,"Gen.",,,"Mikketz",
,,,"Gen.",,,"Mikketz",
,,,"Gen.",,,"Mikketz",
,,,"Gen.",,,"Mikketz",
,,,"Gen.",,,"Mikketz",
,,,"Gen.",,,"Mikketz",
,,,"Gen.",,,"Mikketz",
,,,"Gen.",,,"Mikketz",
,,,"Gen.",,,"Mikketz",
,,,"Gen.",,,"Mikketz",
,,,"Gen.",,,"Mikketz",
,,,"Gen.",,,"Mikketz",
,,,"Gen.",,,"Mikketz",
,,,"Gen.",,,"Mikketz",
,,,"Gen.",,,"Mikketz",
,,,"Gen.",,,"Mikketz",
,,,"Gen.",,,"Mikketz",
,,,"Gen.",,,"Mikketz",
,,,"Gen.",,,"Mikketz",
,,,"Gen.",,,"Mikketz",
,,,"Gen.",,,"Mikketz",
,,,"Gen.",,,"Mikketz",
,,,"Gen.",,,"Mikketz",
,,,"Gen.",,,"Mikketz",
,,,"Gen.",,,"Mikketz",
,,,"Gen.",,,"Mikketz",
,,,"Gen.",,,,
,,,"Gen.",,,,
,,,"Gen.",,,,
,,,"Gen.",,,,
,,,"Gen.",,,,
,,,"Gen.",,,,
,,,"Gen.",,,,
,,,"Gen.",,,,
,,,"Gen.",,,,
,,,"Gen.",,,,
,,,"Gen.",,,,
,,,"Gen.",,,,
,,,"Gen.",,,,
,,,"Gen.",,,,
,,,"Gen.",,,,
,,,"Gen.",,,,
,,,"Gen.",,,,
,,,"Gen.",,,,
,,,"Gen.",,,,
,,,"Gen.",,,,
,,,"Gen.",,,,
,,,"Gen.",,,,
,,,"Gen.",,,,
,,,"Gen.",,,,
,,,"Gen.",,,,
,,,"Gen.",,,,
